Messstellennummer,Decade,Decade_Label,Month,Label,Monatsmittelwert,q05,q95
5803200,1980,1980 - 1989,01,"Tiefwerder (Havel, id: 5803200, fluss-km: 1.48)",89.30967741935484,59.18000000000001,129
5803200,1980,1980 - 1989,02,"Tiefwerder (Havel, id: 5803200, fluss-km: 1.48)",93.80705882352942,47.96,136
5803200,1980,1980 - 1989,03,"Tiefwerder (Havel, id: 5803200, fluss-km: 1.48)",94.25913978494624,40.36,144
5803200,1980,1980 - 1989,04,"Tiefwerder (Havel, id: 5803200, fluss-km: 1.48)",86.45555555555556,31.564999999999998,130
5803200,1980,1980 - 1989,05,"Tiefwerder (Havel, id: 5803200, fluss-km: 1.48)",50.56881720430108,27.480000000000004,97.67999999999999
5803200,1980,1980 - 1989,06,"Tiefwerder (Havel, id: 5803200, fluss-km: 1.48)",43.56444444444445,30.845,67.23
5803200,1980,1980 - 1989,07,"Tiefwerder (Havel, id: 5803200, fluss-km: 1.48)",44.582795698924734,30.88,74.1
5803200,1980,1980 - 1989,08,"Tiefwerder (Havel, id: 5803200, fluss-km: 1.48)",44.443010752688174,24.340000000000003,74.7
5803200,1980,1980 - 1989,09,"Tiefwerder (Havel, id: 5803200, fluss-km: 1.48)",41.05222222222222,16.145000000000003,75.14499999999998
5803200,1980,1980 - 1989,10,"Tiefwerder (Havel, id: 5803200, fluss-km: 1.48)",39.108602150537635,21.16,61.57999999999999
5803200,1980,1980 - 1989,11,"Tiefwerder (Havel, id: 5803200, fluss-km: 1.48)",55.1725,38.1,90.525
5803200,1980,1980 - 1989,12,"Tiefwerder (Havel, id: 5803200, fluss-km: 1.48)",69.21129032258065,40.055,102
5803200,1990,1990 - 1999,01,"Tiefwerder (Havel, id: 5803200, fluss-km: 1.48)",57.73612903225806,22.225,118.55000000000001
5803200,1990,1990 - 1999,02,"Tiefwerder (Havel, id: 5803200, fluss-km: 1.48)",60.797872340425535,25.705,117.94999999999999
5803200,1990,1990 - 1999,03,"Tiefwerder (Havel, id: 5803200, fluss-km: 1.48)",61.498064516129034,29,123.20000000000005
5803200,1990,1990 - 1999,04,"Tiefwerder (Havel, id: 5803200, fluss-km: 1.48)",55.358666666666664,25.889999999999997,131
5803200,1990,1990 - 1999,05,"Tiefwerder (Havel, id: 5803200, fluss-km: 1.48)",37.76025806451613,13.650000000000002,77.97500000000001
5803200,1990,1990 - 1999,06,"Tiefwerder (Havel, id: 5803200, fluss-km: 1.48)",31.752966666666666,10.59,82.03500000000001
5803200,1990,1990 - 1999,07,"Tiefwerder (Havel, id: 5803200, fluss-km: 1.48)",24.602451612903227,7.239000000000001,52.82000000000001
5803200,1990,1990 - 1999,08,"Tiefwerder (Havel, id: 5803200, fluss-km: 1.48)",19.17593548387097,4.8545,39.965
5803200,1990,1990 - 1999,09,"Tiefwerder (Havel, id: 5803200, fluss-km: 1.48)",28.659666666666666,10.6575,62.315000000000026
5803200,1990,1990 - 1999,10,"Tiefwerder (Havel, id: 5803200, fluss-km: 1.48)",29.782096774193548,13.49,43.2
5803200,1990,1990 - 1999,11,"Tiefwerder (Havel, id: 5803200, fluss-km: 1.48)",40.01266666666667,20.195,64.57000000000002
5803200,1990,1990 - 1999,12,"Tiefwerder (Havel, id: 5803200, fluss-km: 1.48)",49.534838709677416,28.145,92.14000000000001
5803200,2000,2000 - 2009,01,"Tiefwerder (Havel, id: 5803200, fluss-km: 1.48)",49.873225806451615,25.5,105.55000000000001
5803200,2000,2000 - 2009,02,"Tiefwerder (Havel, id: 5803200, fluss-km: 1.48)",61.76183745583039,34.65,93.46
5803200,2000,2000 - 2009,03,"Tiefwerder (Havel, id: 5803200, fluss-km: 1.48)",64.36645161290322,32.19,104.55000000000001
5803200,2000,2000 - 2009,04,"Tiefwerder (Havel, id: 5803200, fluss-km: 1.48)",48.431266666666666,16.6,102.05000000000001
5803200,2000,2000 - 2009,05,"Tiefwerder (Havel, id: 5803200, fluss-km: 1.48)",24.899709677419356,11.3,48.72
5803200,2000,2000 - 2009,06,"Tiefwerder (Havel, id: 5803200, fluss-km: 1.48)",16.7216,6.968999999999999,33.805
5803200,2000,2000 - 2009,07,"Tiefwerder (Havel, id: 5803200, fluss-km: 1.48)",18.458870967741937,6.6315,40.695000000000014
5803200,2000,2000 - 2009,08,"Tiefwerder (Havel, id: 5803200, fluss-km: 1.48)",19.700774193548387,6.1025,48.05000000000001
5803200,2000,2000 - 2009,09,"Tiefwerder (Havel, id: 5803200, fluss-km: 1.48)",19.904033333333334,7.1194999999999995,45.4
5803200,2000,2000 - 2009,10,"Tiefwerder (Havel, id: 5803200, fluss-km: 1.48)",28.885870967741937,14.045,61.34000000000002
5803200,2000,2000 - 2009,11,"Tiefwerder (Havel, id: 5803200, fluss-km: 1.48)",38.762,18.185000000000002,77.15
5803200,2000,2000 - 2009,12,"Tiefwerder (Havel, id: 5803200, fluss-km: 1.48)",41.758709677419354,21.245,68.61000000000001
5803200,2010,2010 - 2019,01,"Tiefwerder (Havel, id: 5803200, fluss-km: 1.48)",72.67451612903226,28.845,156
5803200,2010,2010 - 2019,02,"Tiefwerder (Havel, id: 5803200, fluss-km: 1.48)",68.16028368794326,34.815,144.69999999999993
5803200,2010,2010 - 2019,03,"Tiefwerder (Havel, id: 5803200, fluss-km: 1.48)",61.70967741935484,26.990000000000002,106.10000000000002
5803200,2010,2010 - 2019,04,"Tiefwerder (Havel, id: 5803200, fluss-km: 1.48)",44.49366666666667,16.695,71.405
5803200,2010,2010 - 2019,05,"Tiefwerder (Havel, id: 5803200, fluss-km: 1.48)",27.15325806451613,9.968,52.730000000000004
5803200,2010,2010 - 2019,06,"Tiefwerder (Havel, id: 5803200, fluss-km: 1.48)",25.326066666666666,5.3095,83.35500000000002
5803200,2010,2010 - 2019,07,"Tiefwerder (Havel, id: 5803200, fluss-km: 1.48)",28.89841935483871,6.49,83.88500000000003
5803200,2010,2010 - 2019,08,"Tiefwerder (Havel, id: 5803200, fluss-km: 1.48)",30.801516129032258,5.0685,107.20000000000005
5803200,2010,2010 - 2019,09,"Tiefwerder (Havel, id: 5803200, fluss-km: 1.48)",28.890633333333334,5.96,78.43
5803200,2010,2010 - 2019,10,"Tiefwerder (Havel, id: 5803200, fluss-km: 1.48)",37.66025806451613,11.045,85.88500000000002
5803200,2010,2010 - 2019,11,"Tiefwerder (Havel, id: 5803200, fluss-km: 1.48)",45.99133333333333,14.39,107.10000000000002
5803200,2010,2010 - 2019,12,"Tiefwerder (Havel, id: 5803200, fluss-km: 1.48)",55.86483870967742,20.28,116
5803200,2020,2020 - 2029,01,"Tiefwerder (Havel, id: 5803200, fluss-km: 1.48)",51.61290322580645,23.339999999999996,106.59999999999997
5803200,2020,2020 - 2029,02,"Tiefwerder (Havel, id: 5803200, fluss-km: 1.48)",66.86338028169014,36.839999999999996,125.94999999999999
5803200,2020,2020 - 2029,03,"Tiefwerder (Havel, id: 5803200, fluss-km: 1.48)",48.513548387096776,22.57,77.63
5803200,2020,2020 - 2029,04,"Tiefwerder (Havel, id: 5803200, fluss-km: 1.48)",37.603968253968254,11.625,90
5803200,2020,2020 - 2029,05,"Tiefwerder (Havel, id: 5803200, fluss-km: 1.48)",22.254193548387097,10.0065,44.155
5803200,2020,2020 - 2029,06,"Tiefwerder (Havel, id: 5803200, fluss-km: 1.48)",13.717666666666666,5.849,28.34499999999999
5803200,2020,2020 - 2029,07,"Tiefwerder (Havel, id: 5803200, fluss-km: 1.48)",12.640967741935484,5.8475,26.879999999999985
5803200,2020,2020 - 2029,08,"Tiefwerder (Havel, id: 5803200, fluss-km: 1.48)",11.56991935483871,4.762,25.314999999999966
5803200,2020,2020 - 2029,09,"Tiefwerder (Havel, id: 5803200, fluss-km: 1.48)",13.231416666666666,6.1930000000000005,31.294999999999995
5803200,2020,2020 - 2029,10,"Tiefwerder (Havel, id: 5803200, fluss-km: 1.48)",19.710403225806452,10.63,39.35999999999999
5803200,2020,2020 - 2029,11,"Tiefwerder (Havel, id: 5803200, fluss-km: 1.48)",32.20583333333333,14.485,61.43
5803200,2020,2020 - 2029,12,"Tiefwerder (Havel, id: 5803200, fluss-km: 1.48)",41.16935483870968,15.645,121.94999999999996
5815911,2000,2000 - 2009,01,"Tegelort (Havel, id: 5815911, fluss-km: 4.95)",17.71290322580645,4.288,36.599999999999945
5815911,2000,2000 - 2009,02,"Tegelort (Havel, id: 5815911, fluss-km: 4.95)",22.269545454545455,8.803500000000001,39.215
5815911,2000,2000 - 2009,03,"Tegelort (Havel, id: 5815911, fluss-km: 4.95)",22.964147465437787,8.846,42.31999999999999
5815911,2000,2000 - 2009,04,"Tegelort (Havel, id: 5815911, fluss-km: 4.95)",17.35890476190476,4.7935,43.75999999999998
5815911,2000,2000 - 2009,05,"Tegelort (Havel, id: 5815911, fluss-km: 4.95)",8.758571428571429,2.902,21.1
5815911,2000,2000 - 2009,06,"Tegelort (Havel, id: 5815911, fluss-km: 4.95)",6.806380952380953,2.008,26.519999999999992
5815911,2000,2000 - 2009,07,"Tegelort (Havel, id: 5815911, fluss-km: 4.95)",7.2623041474654375,1.6300000000000001,26.71999999999999
5815911,2000,2000 - 2009,08,"Tegelort (Havel, id: 5815911, fluss-km: 4.95)",5.881889400921659,1.236,17.399999999999988
5815911,2000,2000 - 2009,09,"Tegelort (Havel, id: 5815911, fluss-km: 4.95)",5.439190476190476,0.889,20.919999999999995
5815911,2000,2000 - 2009,10,"Tegelort (Havel, id: 5815911, fluss-km: 4.95)",6.686267281105991,1.692,20.85999999999999
5815911,2000,2000 - 2009,11,"Tegelort (Havel, id: 5815911, fluss-km: 4.95)",10.950142857142858,3.099,25.519999999999992
5815911,2000,2000 - 2009,12,"Tegelort (Havel, id: 5815911, fluss-km: 4.95)",15.616036866359448,6.086,31.559999999999977
5815911,2010,2010 - 2019,01,"Tegelort (Havel, id: 5815911, fluss-km: 4.95)",16.535032258064515,6.3605,32.665000000000006
5815911,2010,2010 - 2019,02,"Tegelort (Havel, id: 5815911, fluss-km: 4.95)",16.57482269503546,6.9715,35.05499999999999
5815911,2010,2010 - 2019,03,"Tegelort (Havel, id: 5815911, fluss-km: 4.95)",14.355774193548386,6.630500000000001,24.755000000000003
5815911,2010,2010 - 2019,04,"Tegelort (Havel, id: 5815911, fluss-km: 4.95)",11.429566666666666,3.7895000000000003,29.3
5815911,2010,2010 - 2019,05,"Tegelort (Havel, id: 5815911, fluss-km: 4.95)",6.5586548387096775,1.2730000000000006,17.355
5815911,2010,2010 - 2019,06,"Tegelort (Havel, id: 5815911, fluss-km: 4.95)",4.75106,0.99425,14.220000000000004
5815911,2010,2010 - 2019,07,"Tegelort (Havel, id: 5815911, fluss-km: 4.95)",5.8891064516129035,1.1805,19.655
5815911,2010,2010 - 2019,08,"Tegelort (Havel, id: 5815911, fluss-km: 4.95)",6.9637032258064515,0.8287,28.24000000000001
5815911,2010,2010 - 2019,09,"Tegelort (Havel, id: 5815911, fluss-km: 4.95)",5.611496666666667,0.64085,18.120000000000005
5815911,2010,2010 - 2019,10,"Tegelort (Havel, id: 5815911, fluss-km: 4.95)",7.166345161290322,1.189,14.5
5815911,2010,2010 - 2019,11,"Tegelort (Havel, id: 5815911, fluss-km: 4.95)",10.213,3.553,22.915000000000003
5815911,2010,2010 - 2019,12,"Tegelort (Havel, id: 5815911, fluss-km: 4.95)",13.662,4.2695,27.5
5815911,2020,2020 - 2029,01,"Tegelort (Havel, id: 5815911, fluss-km: 4.95)",13.433064516129033,8.308,19.095000000000002
5815911,2020,2020 - 2029,02,"Tegelort (Havel, id: 5815911, fluss-km: 4.95)",16.586140350877194,8.384,21.979999999999993
5815911,2020,2020 - 2029,03,"Tegelort (Havel, id: 5815911, fluss-km: 4.95)",15.886935483870968,10.3,21.1
5815911,2020,2020 - 2029,04,"Tegelort (Havel, id: 5815911, fluss-km: 4.95)",8.608333333333334,3.8885,13.204999999999998
5815911,2020,2020 - 2029,05,"Tegelort (Havel, id: 5815911, fluss-km: 4.95)",8.242678571428572,2.02,16.375
5815911,2020,2020 - 2029,06,"Tegelort (Havel, id: 5815911, fluss-km: 4.95)",3.1126666666666667,0.897,5.187499999999998
5815911,2020,2020 - 2029,07,"Tegelort (Havel, id: 5815911, fluss-km: 4.95)",3.075483870967742,2.195,3.965
5815911,2020,2020 - 2029,08,"Tegelort (Havel, id: 5815911, fluss-km: 4.95)",4.01741935483871,3.185,5.16
5815911,2020,2020 - 2029,09,"Tegelort (Havel, id: 5815911, fluss-km: 4.95)",5.053333333333334,4.0735,6.098999999999999
5815911,2020,2020 - 2029,10,"Tegelort (Havel, id: 5815911, fluss-km: 4.95)",5.469677419354839,3.96,7.46
5815911,2020,2020 - 2029,11,"Tegelort (Havel, id: 5815911, fluss-km: 4.95)",6.460333333333334,4.8185,8.439999999999998
5815911,2020,2020 - 2029,12,"Tegelort (Havel, id: 5815911, fluss-km: 4.95)",8.873870967741935,3.5300000000000002,15.399999999999999
5826701,2010,2010 - 2019,01,"Neue Fahlenbergbrücke (Gosener Kanal, id: 5826701, fluss-km: 1.00)",9.659193548387098,6.64,12.3
5826701,2010,2010 - 2019,02,"Neue Fahlenbergbrücke (Gosener Kanal, id: 5826701, fluss-km: 1.00)",9.805443786982249,8.104,12.419999999999998
5826701,2010,2010 - 2019,03,"Neue Fahlenbergbrücke (Gosener Kanal, id: 5826701, fluss-km: 1.00)",9.445322580645161,7.9175,11.1
5826701,2010,2010 - 2019,04,"Neue Fahlenbergbrücke (Gosener Kanal, id: 5826701, fluss-km: 1.00)",9.114777777777778,6.7555,10.9
5826701,2010,2010 - 2019,05,"Neue Fahlenbergbrücke (Gosener Kanal, id: 5826701, fluss-km: 1.00)",7.116344086021505,4.210000000000001,10.3
5826701,2010,2010 - 2019,06,"Neue Fahlenbergbrücke (Gosener Kanal, id: 5826701, fluss-km: 1.00)",5.207190476190476,2.55,7.767499999999999
5826701,2010,2010 - 2019,07,"Neue Fahlenbergbrücke (Gosener Kanal, id: 5826701, fluss-km: 1.00)",5.173041474654378,1.966,8.13
5826701,2010,2010 - 2019,08,"Neue Fahlenbergbrücke (Gosener Kanal, id: 5826701, fluss-km: 1.00)",5.245852534562212,1.538,9.105999999999998
5826701,2010,2010 - 2019,09,"Neue Fahlenbergbrücke (Gosener Kanal, id: 5826701, fluss-km: 1.00)",5.726285714285714,2.1879999999999997,8.768999999999997
5826701,2010,2010 - 2019,10,"Neue Fahlenbergbrücke (Gosener Kanal, id: 5826701, fluss-km: 1.00)",7.668634146341463,5.601999999999999,10
5826701,2010,2010 - 2019,11,"Neue Fahlenbergbrücke (Gosener Kanal, id: 5826701, fluss-km: 1.00)",8.719182692307692,6.63,10.764999999999999
5826701,2010,2010 - 2019,12,"Neue Fahlenbergbrücke (Gosener Kanal, id: 5826701, fluss-km: 1.00)",9.489400921658985,7.324,11.459999999999997
5826701,2020,2020 - 2029,01,"Neue Fahlenbergbrücke (Gosener Kanal, id: 5826701, fluss-km: 1.00)",9.169225806451612,7.51,11.229999999999999
5826701,2020,2020 - 2029,02,"Neue Fahlenbergbrücke (Gosener Kanal, id: 5826701, fluss-km: 1.00)",9.544225352112676,7.7795,11.689999999999998
5826701,2020,2020 - 2029,03,"Neue Fahlenbergbrücke (Gosener Kanal, id: 5826701, fluss-km: 1.00)",8.409870967741936,6.507,10.4
5826701,2020,2020 - 2029,04,"Neue Fahlenbergbrücke (Gosener Kanal, id: 5826701, fluss-km: 1.00)",8.22452380952381,6.235,10.875
5826701,2020,2020 - 2029,05,"Neue Fahlenbergbrücke (Gosener Kanal, id: 5826701, fluss-km: 1.00)",6.804354838709678,4.6145000000000005,8.93
5826701,2020,2020 - 2029,06,"Neue Fahlenbergbrücke (Gosener Kanal, id: 5826701, fluss-km: 1.00)",4.6658333333333335,2.637,7.363499999999998
5826701,2020,2020 - 2029,07,"Neue Fahlenbergbrücke (Gosener Kanal, id: 5826701, fluss-km: 1.00)",4.415322580645161,2.52,6.4624999999999995
5826701,2020,2020 - 2029,08,"Neue Fahlenbergbrücke (Gosener Kanal, id: 5826701, fluss-km: 1.00)",4.437822580645161,1.96,7.608999999999999
5826701,2020,2020 - 2029,09,"Neue Fahlenbergbrücke (Gosener Kanal, id: 5826701, fluss-km: 1.00)",6.3275,4.229500000000001,8.715000000000002
5826701,2020,2020 - 2029,10,"Neue Fahlenbergbrücke (Gosener Kanal, id: 5826701, fluss-km: 1.00)",7.917258064516129,5.163,10.485
5826701,2020,2020 - 2029,11,"Neue Fahlenbergbrücke (Gosener Kanal, id: 5826701, fluss-km: 1.00)",8.54,6.819000000000001,10.4
5826701,2020,2020 - 2029,12,"Neue Fahlenbergbrücke (Gosener Kanal, id: 5826701, fluss-km: 1.00)",8.506451612903225,6.7875000000000005,10.3
5827101,2010,2010 - 2019,01,"Fähre Rahnsdorf (Müggelspree, id: 5827101, fluss-km: 8.51)",6.136344086021506,4.516,7.714
5827101,2010,2010 - 2019,02,"Fähre Rahnsdorf (Müggelspree, id: 5827101, fluss-km: 8.51)",5.645357142857143,4.6690000000000005,7.974499999999999
5827101,2010,2010 - 2019,03,"Fähre Rahnsdorf (Müggelspree, id: 5827101, fluss-km: 8.51)",5.990752688172043,4.454,8.089999999999996
5827101,2010,2010 - 2019,04,"Fähre Rahnsdorf (Müggelspree, id: 5827101, fluss-km: 8.51)",4.868348623853211,3.334,6.223999999999999
5827101,2010,2010 - 2019,05,"Fähre Rahnsdorf (Müggelspree, id: 5827101, fluss-km: 8.51)",3.2145967741935486,1.593,4.9825
5827101,2010,2010 - 2019,06,"Fähre Rahnsdorf (Müggelspree, id: 5827101, fluss-km: 8.51)",1.47405,0.3547,3.1109999999999998
5827101,2010,2010 - 2019,07,"Fähre Rahnsdorf (Müggelspree, id: 5827101, fluss-km: 8.51)",1.6294354838709677,0.12065000000000002,4.262
5827101,2010,2010 - 2019,08,"Fähre Rahnsdorf (Müggelspree, id: 5827101, fluss-km: 8.51)",2.070483870967742,0.28935,4.422499999999999
5827101,2010,2010 - 2019,09,"Fähre Rahnsdorf (Müggelspree, id: 5827101, fluss-km: 8.51)",1.9746083333333333,0.43795,3.9315
5827101,2010,2010 - 2019,10,"Fähre Rahnsdorf (Müggelspree, id: 5827101, fluss-km: 8.51)",2.994274193548387,0.8269000000000001,5.117
5827101,2010,2010 - 2019,11,"Fähre Rahnsdorf (Müggelspree, id: 5827101, fluss-km: 8.51)",4.0335,2.049,6.744
5827101,2010,2010 - 2019,12,"Fähre Rahnsdorf (Müggelspree, id: 5827101, fluss-km: 8.51)",4.916612903225807,3.082,6.947499999999999
5827101,2020,2020 - 2029,01,"Fähre Rahnsdorf (Müggelspree, id: 5827101, fluss-km: 8.51)",5.743612903225807,3.957,9.520999999999997
5827101,2020,2020 - 2029,02,"Fähre Rahnsdorf (Müggelspree, id: 5827101, fluss-km: 8.51)",6.469577464788732,4.29,10.2
5827101,2020,2020 - 2029,03,"Fähre Rahnsdorf (Müggelspree, id: 5827101, fluss-km: 8.51)",5.565548387096774,3.737,8.108999999999998
5827101,2020,2020 - 2029,04,"Fähre Rahnsdorf (Müggelspree, id: 5827101, fluss-km: 8.51)",4.8248412698412695,2.3600000000000003,8.615
5827101,2020,2020 - 2029,05,"Fähre Rahnsdorf (Müggelspree, id: 5827101, fluss-km: 8.51)",3.5837903225806453,1.733,5.7295
5827101,2020,2020 - 2029,06,"Fähre Rahnsdorf (Müggelspree, id: 5827101, fluss-km: 8.51)",2.052825,0.6005999999999999,3.4975
5827101,2020,2020 - 2029,07,"Fähre Rahnsdorf (Müggelspree, id: 5827101, fluss-km: 8.51)",1.5286370967741936,0.35145,2.787
5827101,2020,2020 - 2029,08,"Fähre Rahnsdorf (Müggelspree, id: 5827101, fluss-km: 8.51)",1.680266129032258,0.34925,3.4625
5827101,2020,2020 - 2029,09,"Fähre Rahnsdorf (Müggelspree, id: 5827101, fluss-km: 8.51)",2.252083333333333,0.7438,3.5949999999999998
5827101,2020,2020 - 2029,10,"Fähre Rahnsdorf (Müggelspree, id: 5827101, fluss-km: 8.51)",3.126451612903226,1.7405000000000002,5.037
5827101,2020,2020 - 2029,11,"Fähre Rahnsdorf (Müggelspree, id: 5827101, fluss-km: 8.51)",4.033833333333333,1.78,6.141
5827101,2020,2020 - 2029,12,"Fähre Rahnsdorf (Müggelspree, id: 5827101, fluss-km: 8.51)",4.936370967741936,2.81,9.450499999999998
5827700,1960,1960 - 1969,01,"Sophienwerder (Spree, id: 5827700, fluss-km: 0.60)",50.55806451612903,19.48,85.8
5827700,1960,1960 - 1969,02,"Sophienwerder (Spree, id: 5827700, fluss-km: 0.60)",59.880314960629924,15.465,97.83500000000001
5827700,1960,1960 - 1969,03,"Sophienwerder (Spree, id: 5827700, fluss-km: 0.60)",58.9989247311828,20,87.37999999999997
5827700,1960,1960 - 1969,04,"Sophienwerder (Spree, id: 5827700, fluss-km: 0.60)",54.69111111111111,31.990000000000002,71.91
5827700,1960,1960 - 1969,05,"Sophienwerder (Spree, id: 5827700, fluss-km: 0.60)",45.40537634408602,23.389999999999997,74.41999999999999
5827700,1960,1960 - 1969,06,"Sophienwerder (Spree, id: 5827700, fluss-km: 0.60)",36.403333333333336,15.345000000000002,70.36499999999998
5827700,1960,1960 - 1969,07,"Sophienwerder (Spree, id: 5827700, fluss-km: 0.60)",27.697240143369175,9.184000000000001,50.4
5827700,1960,1960 - 1969,08,"Sophienwerder (Spree, id: 5827700, fluss-km: 0.60)",22.024623655913977,8.494,36.33999999999999
5827700,1960,1960 - 1969,09,"Sophienwerder (Spree, id: 5827700, fluss-km: 0.60)",30.775555555555556,16.58,59.00999999999999
5827700,1960,1960 - 1969,10,"Sophienwerder (Spree, id: 5827700, fluss-km: 0.60)",31.987025089605734,15.96,59.67999999999997
5827700,1960,1960 - 1969,11,"Sophienwerder (Spree, id: 5827700, fluss-km: 0.60)",40.64966666666667,24.8,56.11
5827700,1960,1960 - 1969,12,"Sophienwerder (Spree, id: 5827700, fluss-km: 0.60)",43.06225806451613,18.945,68.055
5827700,1970,1970 - 1979,01,"Sophienwerder (Spree, id: 5827700, fluss-km: 0.60)",50.810967741935485,16.445,119.55000000000001
5827700,1970,1970 - 1979,02,"Sophienwerder (Spree, id: 5827700, fluss-km: 0.60)",47.93120567375887,25.529999999999998,82.78
5827700,1970,1970 - 1979,03,"Sophienwerder (Spree, id: 5827700, fluss-km: 0.60)",48.86741935483871,27.845,112
5827700,1970,1970 - 1979,04,"Sophienwerder (Spree, id: 5827700, fluss-km: 0.60)",49.488,20.695,108
5827700,1970,1970 - 1979,05,"Sophienwerder (Spree, id: 5827700, fluss-km: 0.60)",37.62903225806452,18.7,73.33000000000001
5827700,1970,1970 - 1979,06,"Sophienwerder (Spree, id: 5827700, fluss-km: 0.60)",27.638,14.6,48.315000000000005
5827700,1970,1970 - 1979,07,"Sophienwerder (Spree, id: 5827700, fluss-km: 0.60)",21.392774193548387,10.545,37.71
5827700,1970,1970 - 1979,08,"Sophienwerder (Spree, id: 5827700, fluss-km: 0.60)",23.168709677419354,9.565000000000001,49.47500000000001
5827700,1970,1970 - 1979,09,"Sophienwerder (Spree, id: 5827700, fluss-km: 0.60)",25.136066666666668,10.195,55.71
5827700,1970,1970 - 1979,10,"Sophienwerder (Spree, id: 5827700, fluss-km: 0.60)",33.785161290322584,17.3,75.72
5827700,1970,1970 - 1979,11,"Sophienwerder (Spree, id: 5827700, fluss-km: 0.60)",43.291,20.384999999999998,78.2
5827700,1970,1970 - 1979,12,"Sophienwerder (Spree, id: 5827700, fluss-km: 0.60)",49.583225806451615,16.745,96.755
5827700,1980,1980 - 1989,01,"Sophienwerder (Spree, id: 5827700, fluss-km: 0.60)",64.5958064516129,34.845,110.55000000000001
5827700,1980,1980 - 1989,02,"Sophienwerder (Spree, id: 5827700, fluss-km: 0.60)",69.20424028268552,33.6,115.59999999999991
5827700,1980,1980 - 1989,03,"Sophienwerder (Spree, id: 5827700, fluss-km: 0.60)",65.73870967741935,27.29,116.55000000000001
5827700,1980,1980 - 1989,04,"Sophienwerder (Spree, id: 5827700, fluss-km: 0.60)",59.090633333333336,19.69,103
5827700,1980,1980 - 1989,05,"Sophienwerder (Spree, id: 5827700, fluss-km: 0.60)",40.795645161290324,13.225000000000001,72.2
5827700,1980,1980 - 1989,06,"Sophienwerder (Spree, id: 5827700, fluss-km: 0.60)",33.208,14.795000000000002,67.5
5827700,1980,1980 - 1989,07,"Sophienwerder (Spree, id: 5827700, fluss-km: 0.60)",26.389096774193547,12.3,59.81
5827700,1980,1980 - 1989,08,"Sophienwerder (Spree, id: 5827700, fluss-km: 0.60)",30.434677419354838,11.8,79.11000000000001
5827700,1980,1980 - 1989,09,"Sophienwerder (Spree, id: 5827700, fluss-km: 0.60)",28.095133333333333,12.690000000000001,46.905
5827700,1980,1980 - 1989,10,"Sophienwerder (Spree, id: 5827700, fluss-km: 0.60)",34.18354838709677,16.8,66.7
5827700,1980,1980 - 1989,11,"Sophienwerder (Spree, id: 5827700, fluss-km: 0.60)",41.91733333333333,22.2,87.22500000000001
5827700,1980,1980 - 1989,12,"Sophienwerder (Spree, id: 5827700, fluss-km: 0.60)",51.00451612903226,27.57,95.81500000000001
5827700,1990,1990 - 1999,01,"Sophienwerder (Spree, id: 5827700, fluss-km: 0.60)",37.234032258064516,12.790000000000001,79.21
5827700,1990,1990 - 1999,02,"Sophienwerder (Spree, id: 5827700, fluss-km: 0.60)",38.32535460992908,16.915,77.88499999999999
5827700,1990,1990 - 1999,03,"Sophienwerder (Spree, id: 5827700, fluss-km: 0.60)",39.04677419354839,17.545,79.72500000000002
5827700,1990,1990 - 1999,04,"Sophienwerder (Spree, id: 5827700, fluss-km: 0.60)",35.8788,14.095,97.42
5827700,1990,1990 - 1999,05,"Sophienwerder (Spree, id: 5827700, fluss-km: 0.60)",23.537967741935482,6.509,52
5827700,1990,1990 - 1999,06,"Sophienwerder (Spree, id: 5827700, fluss-km: 0.60)",20.746733333333335,6.058,60.59500000000002
5827700,1990,1990 - 1999,07,"Sophienwerder (Spree, id: 5827700, fluss-km: 0.60)",17.20364516129032,5.0605,38.955
5827700,1990,1990 - 1999,08,"Sophienwerder (Spree, id: 5827700, fluss-km: 0.60)",12.723645161290323,5.187,23.155
5827700,1990,1990 - 1999,09,"Sophienwerder (Spree, id: 5827700, fluss-km: 0.60)",19.086166666666667,5.359,36.94000000000001
5827700,1990,1990 - 1999,10,"Sophienwerder (Spree, id: 5827700, fluss-km: 0.60)",20.34564516129032,6.593,30.085000000000008
5827700,1990,1990 - 1999,11,"Sophienwerder (Spree, id: 5827700, fluss-km: 0.60)",27.2278,15.2,48.8
5827700,1990,1990 - 1999,12,"Sophienwerder (Spree, id: 5827700, fluss-km: 0.60)",32.23625806451613,16.490000000000002,58.11000000000003
5827700,2000,2000 - 2009,01,"Sophienwerder (Spree, id: 5827700, fluss-km: 0.60)",35.87741935483871,17.7,78.485
5827700,2000,2000 - 2009,02,"Sophienwerder (Spree, id: 5827700, fluss-km: 0.60)",42.642402826855125,21.13,65.73999999999998
5827700,2000,2000 - 2009,03,"Sophienwerder (Spree, id: 5827700, fluss-km: 0.60)",44.509354838709676,22.29,75.6
5827700,2000,2000 - 2009,04,"Sophienwerder (Spree, id: 5827700, fluss-km: 0.60)",35.591366666666666,11.285,77.315
5827700,2000,2000 - 2009,05,"Sophienwerder (Spree, id: 5827700, fluss-km: 0.60)",17.67925806451613,8.146999999999998,32.765
5827700,2000,2000 - 2009,06,"Sophienwerder (Spree, id: 5827700, fluss-km: 0.60)",11.694466666666667,6.2090000000000005,23.01
5827700,2000,2000 - 2009,07,"Sophienwerder (Spree, id: 5827700, fluss-km: 0.60)",13.565967741935484,5.689,28.310000000000002
5827700,2000,2000 - 2009,08,"Sophienwerder (Spree, id: 5827700, fluss-km: 0.60)",15.669741935483872,5.6725,36.855
5827700,2000,2000 - 2009,09,"Sophienwerder (Spree, id: 5827700, fluss-km: 0.60)",15.014366666666668,6.4695,34.750000000000014
5827700,2000,2000 - 2009,10,"Sophienwerder (Spree, id: 5827700, fluss-km: 0.60)",20.759709677419355,9.129,44.31
5827700,2000,2000 - 2009,11,"Sophienwerder (Spree, id: 5827700, fluss-km: 0.60)",27.9734,13.080000000000002,60.11000000000003
5827700,2000,2000 - 2009,12,"Sophienwerder (Spree, id: 5827700, fluss-km: 0.60)",29.510322580645163,15.225000000000001,47.46000000000001
5827700,2010,2010 - 2019,01,"Sophienwerder (Spree, id: 5827700, fluss-km: 0.60)",49.62064516129032,21.025000000000002,114.55000000000001
5827700,2010,2010 - 2019,02,"Sophienwerder (Spree, id: 5827700, fluss-km: 0.60)",45.91276595744681,23.005,100.73999999999994
5827700,2010,2010 - 2019,03,"Sophienwerder (Spree, id: 5827700, fluss-km: 0.60)",42.45767741935484,19.445,72.78000000000003
5827700,2010,2010 - 2019,04,"Sophienwerder (Spree, id: 5827700, fluss-km: 0.60)",32.02536666666666,12.3,55.505
5827700,2010,2010 - 2019,05,"Sophienwerder (Spree, id: 5827700, fluss-km: 0.60)",20.470709677419354,9.0945,36.31
5827700,2010,2010 - 2019,06,"Sophienwerder (Spree, id: 5827700, fluss-km: 0.60)",22.186700000000002,7.916499999999999,76.105
5827700,2010,2010 - 2019,07,"Sophienwerder (Spree, id: 5827700, fluss-km: 0.60)",22.84483870967742,7.89,64.34000000000002
5827700,2010,2010 - 2019,08,"Sophienwerder (Spree, id: 5827700, fluss-km: 0.60)",23.899193548387096,6.307,74.275
5827700,2010,2010 - 2019,09,"Sophienwerder (Spree, id: 5827700, fluss-km: 0.60)",23.472733333333334,6.1594999999999995,62.93500000000001
5827700,2010,2010 - 2019,10,"Sophienwerder (Spree, id: 5827700, fluss-km: 0.60)",29.363419354838708,9.39,79.95500000000001
5827700,2010,2010 - 2019,11,"Sophienwerder (Spree, id: 5827700, fluss-km: 0.60)",32.98116666666667,10.99,80.24500000000003
5827700,2010,2010 - 2019,12,"Sophienwerder (Spree, id: 5827700, fluss-km: 0.60)",39.271967741935484,15.89,92.02000000000001
5827700,2020,2020 - 2029,01,"Sophienwerder (Spree, id: 5827700, fluss-km: 0.60)",36.64709677419355,18.37,79.33
5827700,2020,2020 - 2029,02,"Sophienwerder (Spree, id: 5827700, fluss-km: 0.60)",46.108450704225355,26.810000000000002,89.74999999999999
5827700,2020,2020 - 2029,03,"Sophienwerder (Spree, id: 5827700, fluss-km: 0.60)",32.609032258064516,15.469999999999999,54.519999999999996
5827700,2020,2020 - 2029,04,"Sophienwerder (Spree, id: 5827700, fluss-km: 0.60)",25.865238095238094,7.77,59.724999999999994
5827700,2020,2020 - 2029,05,"Sophienwerder (Spree, id: 5827700, fluss-km: 0.60)",15.8125,7.4105,29.319999999999993
5827700,2020,2020 - 2029,06,"Sophienwerder (Spree, id: 5827700, fluss-km: 0.60)",12.762333333333334,7.528500000000001,24.034999999999997
5827700,2020,2020 - 2029,07,"Sophienwerder (Spree, id: 5827700, fluss-km: 0.60)",11.345161290322581,7.2575,18.685
5827700,2020,2020 - 2029,08,"Sophienwerder (Spree, id: 5827700, fluss-km: 0.60)",10.766854838709678,6.722999999999999,21.98999999999998
5827700,2020,2020 - 2029,09,"Sophienwerder (Spree, id: 5827700, fluss-km: 0.60)",11.1405,4.1665,23.525
5827700,2020,2020 - 2029,10,"Sophienwerder (Spree, id: 5827700, fluss-km: 0.60)",15.23491935483871,5.318,30.25999999999998
5827700,2020,2020 - 2029,11,"Sophienwerder (Spree, id: 5827700, fluss-km: 0.60)",24.706666666666667,12.795000000000002,50.449999999999996
5827700,2020,2020 - 2029,12,"Sophienwerder (Spree, id: 5827700, fluss-km: 0.60)",30.148387096774194,13.3,86.61
5861200,2000,2000 - 2009,01,"Wiesengrund (Neuenhagener Mühlenfließ, id: 5861200, fluss-km: 3.00)",0.9194354838709677,0.63,1.4689999999999985
5861200,2000,2000 - 2009,02,"Wiesengrund (Neuenhagener Mühlenfließ, id: 5861200, fluss-km: 3.00)",0.9761061946902655,0.63,1.405
5861200,2000,2000 - 2009,03,"Wiesengrund (Neuenhagener Mühlenfließ, id: 5861200, fluss-km: 3.00)",0.9461290322580646,0.6034999999999999,1.31
5861200,2000,2000 - 2009,04,"Wiesengrund (Neuenhagener Mühlenfließ, id: 5861200, fluss-km: 3.00)",0.9356666666666666,0.61,1.4039999999999986
5861200,2000,2000 - 2009,05,"Wiesengrund (Neuenhagener Mühlenfließ, id: 5861200, fluss-km: 3.00)",1.456774193548387,0.54,3.175999999999999
5861200,2000,2000 - 2009,06,"Wiesengrund (Neuenhagener Mühlenfließ, id: 5861200, fluss-km: 3.00)",1.2883333333333333,0.44,2.5419999999999994
5861200,2000,2000 - 2009,07,"Wiesengrund (Neuenhagener Mühlenfließ, id: 5861200, fluss-km: 3.00)",1.1751209677419354,0.5035000000000001,2.268999999999999
5861200,2000,2000 - 2009,08,"Wiesengrund (Neuenhagener Mühlenfließ, id: 5861200, fluss-km: 3.00)",1.3846774193548388,0.3435,4.8195
5861200,2000,2000 - 2009,09,"Wiesengrund (Neuenhagener Mühlenfließ, id: 5861200, fluss-km: 3.00)",0.868375,0.37950000000000006,1.6
5861200,2000,2000 - 2009,10,"Wiesengrund (Neuenhagener Mühlenfließ, id: 5861200, fluss-km: 3.00)",0.6790725806451613,0.42,1.16
5861200,2000,2000 - 2009,11,"Wiesengrund (Neuenhagener Mühlenfließ, id: 5861200, fluss-km: 3.00)",0.8267037037037037,0.6145,1.1954999999999996
5861200,2000,2000 - 2009,12,"Wiesengrund (Neuenhagener Mühlenfließ, id: 5861200, fluss-km: 3.00)",0.8184587813620071,0.62,1.17
5861200,2010,2010 - 2019,01,"Wiesengrund (Neuenhagener Mühlenfließ, id: 5861200, fluss-km: 3.00)",0.9895322580645162,0.59,1.7555
5861200,2010,2010 - 2019,02,"Wiesengrund (Neuenhagener Mühlenfließ, id: 5861200, fluss-km: 3.00)",0.9475780141843971,0.57,1.5394999999999999
5861200,2010,2010 - 2019,03,"Wiesengrund (Neuenhagener Mühlenfließ, id: 5861200, fluss-km: 3.00)",0.9221290322580645,0.57,1.3
5861200,2010,2010 - 2019,04,"Wiesengrund (Neuenhagener Mühlenfließ, id: 5861200, fluss-km: 3.00)",0.8090333333333334,0.5695499999999999,1.1005
5861200,2010,2010 - 2019,05,"Wiesengrund (Neuenhagener Mühlenfließ, id: 5861200, fluss-km: 3.00)",0.9419129032258065,0.4827,2.0755
5861200,2010,2010 - 2019,06,"Wiesengrund (Neuenhagener Mühlenfließ, id: 5861200, fluss-km: 3.00)",1.27226,0.423,2.9925000000000006
5861200,2010,2010 - 2019,07,"Wiesengrund (Neuenhagener Mühlenfließ, id: 5861200, fluss-km: 3.00)",1.1388548387096775,0.3569,2.5655
5861200,2010,2010 - 2019,08,"Wiesengrund (Neuenhagener Mühlenfließ, id: 5861200, fluss-km: 3.00)",0.9874225806451613,0.3067,2.51
5861200,2010,2010 - 2019,09,"Wiesengrund (Neuenhagener Mühlenfließ, id: 5861200, fluss-km: 3.00)",0.92484,0.39,1.8
5861200,2010,2010 - 2019,10,"Wiesengrund (Neuenhagener Mühlenfließ, id: 5861200, fluss-km: 3.00)",0.8529354838709677,0.44780000000000003,1.8555000000000001
5861200,2010,2010 - 2019,11,"Wiesengrund (Neuenhagener Mühlenfließ, id: 5861200, fluss-km: 3.00)",0.76871,0.5095000000000001,1.4105
5861200,2010,2010 - 2019,12,"Wiesengrund (Neuenhagener Mühlenfließ, id: 5861200, fluss-km: 3.00)",0.8351354838709677,0.53,1.1465
5861200,2020,2020 - 2029,01,"Wiesengrund (Neuenhagener Mühlenfließ, id: 5861200, fluss-km: 3.00)",0.6204516129032258,0.498,0.7373
5861200,2020,2020 - 2029,02,"Wiesengrund (Neuenhagener Mühlenfließ, id: 5861200, fluss-km: 3.00)",0.7089014084507043,0.57915,0.8665999999999999
5861200,2020,2020 - 2029,03,"Wiesengrund (Neuenhagener Mühlenfließ, id: 5861200, fluss-km: 3.00)",0.6681870967741935,0.5237,0.8345999999999998
5861200,2020,2020 - 2029,04,"Wiesengrund (Neuenhagener Mühlenfließ, id: 5861200, fluss-km: 3.00)",0.5483809523809524,0.403,0.668
5861200,2020,2020 - 2029,05,"Wiesengrund (Neuenhagener Mühlenfließ, id: 5861200, fluss-km: 3.00)",0.48294354838709674,0.3455,0.6281499999999999
5861200,2020,2020 - 2029,06,"Wiesengrund (Neuenhagener Mühlenfließ, id: 5861200, fluss-km: 3.00)",0.461,0.33290000000000003,0.6419499999999999
5861200,2020,2020 - 2029,07,"Wiesengrund (Neuenhagener Mühlenfließ, id: 5861200, fluss-km: 3.00)",0.43759677419354837,0.28075,0.5973499999999998
5861200,2020,2020 - 2029,08,"Wiesengrund (Neuenhagener Mühlenfließ, id: 5861200, fluss-km: 3.00)",0.46488709677419354,0.30979999999999996,0.6382499999999999
5861200,2020,2020 - 2029,09,"Wiesengrund (Neuenhagener Mühlenfließ, id: 5861200, fluss-km: 3.00)",0.45686666666666664,0.314,0.6667
5861200,2020,2020 - 2029,10,"Wiesengrund (Neuenhagener Mühlenfließ, id: 5861200, fluss-km: 3.00)",0.5519516129032258,0.39895,0.8089
5861200,2020,2020 - 2029,11,"Wiesengrund (Neuenhagener Mühlenfließ, id: 5861200, fluss-km: 3.00)",0.5426166666666666,0.38645,0.78165
5861200,2020,2020 - 2029,12,"Wiesengrund (Neuenhagener Mühlenfließ, id: 5861200, fluss-km: 3.00)",0.5890080645161291,0.4359,0.7470499999999999
5862811,2000,2000 - 2009,01,"Schmöckwitz US (Zeuthener See, id: 5862811, fluss-km: 11.20)",13.312387096774193,5.682,29.429999999999996
5862811,2000,2000 - 2009,02,"Schmöckwitz US (Zeuthener See, id: 5862811, fluss-km: 11.20)",17.91276595744681,8.78,34.5
5862811,2000,2000 - 2009,03,"Schmöckwitz US (Zeuthener See, id: 5862811, fluss-km: 11.20)",20.463225806451614,11.07,31.719999999999995
5862811,2000,2000 - 2009,04,"Schmöckwitz US (Zeuthener See, id: 5862811, fluss-km: 11.20)",15.908333333333333,4.0125,45.7
5862811,2000,2000 - 2009,05,"Schmöckwitz US (Zeuthener See, id: 5862811, fluss-km: 11.20)",6.019290322580646,1.8599999999999999,11.629999999999999
5862811,2000,2000 - 2009,06,"Schmöckwitz US (Zeuthener See, id: 5862811, fluss-km: 11.20)",4.574066666666667,0.419,10.70499999999998
5862811,2000,2000 - 2009,07,"Schmöckwitz US (Zeuthener See, id: 5862811, fluss-km: 11.20)",5.71283870967742,-1.0880000000000003,15.259999999999994
5862811,2000,2000 - 2009,08,"Schmöckwitz US (Zeuthener See, id: 5862811, fluss-km: 11.20)",6.502258064516129,-0.2360000000000001,20.159999999999997
5862811,2000,2000 - 2009,09,"Schmöckwitz US (Zeuthener See, id: 5862811, fluss-km: 11.20)",4.5226,0.4744999999999998,10.354999999999999
5862811,2000,2000 - 2009,10,"Schmöckwitz US (Zeuthener See, id: 5862811, fluss-km: 11.20)",7.93683870967742,3.161,16.029999999999998
5862811,2000,2000 - 2009,11,"Schmöckwitz US (Zeuthener See, id: 5862811, fluss-km: 11.20)",10.435666666666666,3.2325,20.839999999999986
5862811,2000,2000 - 2009,12,"Schmöckwitz US (Zeuthener See, id: 5862811, fluss-km: 11.20)",11.158129032258065,3.3409999999999997,20.19999999999998
5862811,2010,2010 - 2019,01,"Schmöckwitz US (Zeuthener See, id: 5862811, fluss-km: 11.20)",26.733870967741936,7.676000000000001,53.3
5862811,2010,2010 - 2019,02,"Schmöckwitz US (Zeuthener See, id: 5862811, fluss-km: 11.20)",23.984716312056737,10.405000000000001,48.489999999999995
5862811,2010,2010 - 2019,03,"Schmöckwitz US (Zeuthener See, id: 5862811, fluss-km: 11.20)",22.055903225806453,7.3615,43.465
5862811,2010,2010 - 2019,04,"Schmöckwitz US (Zeuthener See, id: 5862811, fluss-km: 11.20)",14.327333333333334,5.277500000000001,32.705000000000005
5862811,2010,2010 - 2019,05,"Schmöckwitz US (Zeuthener See, id: 5862811, fluss-km: 11.20)",8.082967741935484,2.059,16.210000000000004
5862811,2010,2010 - 2019,06,"Schmöckwitz US (Zeuthener See, id: 5862811, fluss-km: 11.20)",10.9618,0.3450000000000001,51.8
5862811,2010,2010 - 2019,07,"Schmöckwitz US (Zeuthener See, id: 5862811, fluss-km: 11.20)",10.495935483870968,0.94,37.97500000000001
5862811,2010,2010 - 2019,08,"Schmöckwitz US (Zeuthener See, id: 5862811, fluss-km: 11.20)",11.204354838709678,1.318,42.010000000000005
5862811,2010,2010 - 2019,09,"Schmöckwitz US (Zeuthener See, id: 5862811, fluss-km: 11.20)",10.660433333333334,1.448,34.510000000000005
5862811,2010,2010 - 2019,10,"Schmöckwitz US (Zeuthener See, id: 5862811, fluss-km: 11.20)",14.576322580645162,3.1035000000000004,48.5
5862811,2010,2010 - 2019,11,"Schmöckwitz US (Zeuthener See, id: 5862811, fluss-km: 11.20)",16.2716,4.6895,43.53500000000001
5862811,2010,2010 - 2019,12,"Schmöckwitz US (Zeuthener See, id: 5862811, fluss-km: 11.20)",19.518806451612903,5.0845,43.55500000000001
5862811,2020,2020 - 2029,01,"Schmöckwitz US (Zeuthener See, id: 5862811, fluss-km: 11.20)",15.039870967741935,5.645,41.999999999999915
5862811,2020,2020 - 2029,02,"Schmöckwitz US (Zeuthener See, id: 5862811, fluss-km: 11.20)",19.371830985915494,7.4165,44.584999999999994
5862811,2020,2020 - 2029,03,"Schmöckwitz US (Zeuthener See, id: 5862811, fluss-km: 11.20)",13.50567741935484,6.604,23.519999999999992
5862811,2020,2020 - 2029,04,"Schmöckwitz US (Zeuthener See, id: 5862811, fluss-km: 11.20)",10.113492063492064,3.825,29.574999999999996
5862811,2020,2020 - 2029,05,"Schmöckwitz US (Zeuthener See, id: 5862811, fluss-km: 11.20)",5.0364516129032255,0.683,9.465
5862811,2020,2020 - 2029,06,"Schmöckwitz US (Zeuthener See, id: 5862811, fluss-km: 11.20)",3.7096666666666667,0.2195,9.810499999999998
5862811,2020,2020 - 2029,07,"Schmöckwitz US (Zeuthener See, id: 5862811, fluss-km: 11.20)",3.1363709677419354,0.3015,7.562499999999998
5862811,2020,2020 - 2029,08,"Schmöckwitz US (Zeuthener See, id: 5862811, fluss-km: 11.20)",3.1247580645161293,0.33,7.465
5862811,2020,2020 - 2029,09,"Schmöckwitz US (Zeuthener See, id: 5862811, fluss-km: 11.20)",3.6155,0.458,7.208499999999998
5862811,2020,2020 - 2029,10,"Schmöckwitz US (Zeuthener See, id: 5862811, fluss-km: 11.20)",5.005806451612903,1.0315,9.893499999999998
5862811,2020,2020 - 2029,11,"Schmöckwitz US (Zeuthener See, id: 5862811, fluss-km: 11.20)",8.17075,2.3075000000000006,22.264999999999997
5862811,2020,2020 - 2029,12,"Schmöckwitz US (Zeuthener See, id: 5862811, fluss-km: 11.20)",12.456290322580646,4.601,43.334999999999994
5864800,2000,2000 - 2009,01,"Wuhletal (Wuhle, id: 5864800, fluss-km: 8.04)",0.15896774193548388,0.047,0.48699999999999843
5864800,2000,2000 - 2009,02,"Wuhletal (Wuhle, id: 5864800, fluss-km: 8.04)",0.19957446808510637,0.05,0.49
5864800,2000,2000 - 2009,03,"Wuhletal (Wuhle, id: 5864800, fluss-km: 8.04)",0.1907741935483871,0.06,0.45599999999999963
5864800,2000,2000 - 2009,04,"Wuhletal (Wuhle, id: 5864800, fluss-km: 8.04)",0.15513333333333335,0.03,0.45
5864800,2000,2000 - 2009,05,"Wuhletal (Wuhle, id: 5864800, fluss-km: 8.04)",0.17503225806451614,0.02699999999999999,0.49599999999999966
5864800,2000,2000 - 2009,06,"Wuhletal (Wuhle, id: 5864800, fluss-km: 8.04)",0.10713333333333333,0.02,0.31549999999999984
5864800,2000,2000 - 2009,07,"Wuhletal (Wuhle, id: 5864800, fluss-km: 8.04)",0.13251612903225807,0.01,0.5439999999999986
5864800,2000,2000 - 2009,08,"Wuhletal (Wuhle, id: 5864800, fluss-km: 8.04)",0.11690322580645161,0.01,0.44599999999999795
5864800,2000,2000 - 2009,09,"Wuhletal (Wuhle, id: 5864800, fluss-km: 8.04)",0.0962,0.01,0.3664999999999995
5864800,2000,2000 - 2009,10,"Wuhletal (Wuhle, id: 5864800, fluss-km: 8.04)",0.08729032258064516,0,0.28
5864800,2000,2000 - 2009,11,"Wuhletal (Wuhle, id: 5864800, fluss-km: 8.04)",0.10766666666666666,0.03,0.3214999999999995
5864800,2000,2000 - 2009,12,"Wuhletal (Wuhle, id: 5864800, fluss-km: 8.04)",0.1067741935483871,0.02,0.2675
5864800,2010,2010 - 2019,01,"Wuhletal (Wuhle, id: 5864800, fluss-km: 8.04)",0.21449032258064515,0.035,0.56
5864800,2010,2010 - 2019,02,"Wuhletal (Wuhle, id: 5864800, fluss-km: 8.04)",0.1889113475177305,0.032,0.45
5864800,2010,2010 - 2019,03,"Wuhletal (Wuhle, id: 5864800, fluss-km: 8.04)",0.16606774193548388,0.04,0.3410000000000002
5864800,2010,2010 - 2019,04,"Wuhletal (Wuhle, id: 5864800, fluss-km: 8.04)",0.12799333333333335,0.028950000000000004,0.321
5864800,2010,2010 - 2019,05,"Wuhletal (Wuhle, id: 5864800, fluss-km: 8.04)",0.09591612903225806,0.013450000000000004,0.26
5864800,2010,2010 - 2019,06,"Wuhletal (Wuhle, id: 5864800, fluss-km: 8.04)",0.10533000000000001,0.01,0.37
5864800,2010,2010 - 2019,07,"Wuhletal (Wuhle, id: 5864800, fluss-km: 8.04)",0.1632225806451613,0.01,0.64055
5864800,2010,2010 - 2019,08,"Wuhletal (Wuhle, id: 5864800, fluss-km: 8.04)",0.10368709677419355,0,0.34
5864800,2010,2010 - 2019,09,"Wuhletal (Wuhle, id: 5864800, fluss-km: 8.04)",0.07185666666666667,0,0.2405000000000001
5864800,2010,2010 - 2019,10,"Wuhletal (Wuhle, id: 5864800, fluss-km: 8.04)",0.08314516129032258,0,0.301
5864800,2010,2010 - 2019,11,"Wuhletal (Wuhle, id: 5864800, fluss-km: 8.04)",0.09877666666666667,0,0.29085000000000016
5864800,2010,2010 - 2019,12,"Wuhletal (Wuhle, id: 5864800, fluss-km: 8.04)",0.12740645161290323,0.012450000000000003,0.3128000000000002
5864800,2020,2020 - 2029,01,"Wuhletal (Wuhle, id: 5864800, fluss-km: 8.04)",0.08236774193548387,0.0097,0.2660999999999999
5864800,2020,2020 - 2029,02,"Wuhletal (Wuhle, id: 5864800, fluss-km: 8.04)",0.1507887323943662,0.01905,0.41954999999999987
5864800,2020,2020 - 2029,03,"Wuhletal (Wuhle, id: 5864800, fluss-km: 8.04)",0.08151612903225806,0.006699999999999999,0.25539999999999935
5864800,2020,2020 - 2029,04,"Wuhletal (Wuhle, id: 5864800, fluss-km: 8.04)",0.055325396825396826,0.00725,0.19275000000000003
5864800,2020,2020 - 2029,05,"Wuhletal (Wuhle, id: 5864800, fluss-km: 8.04)",0.03800806451612903,0.00415,0.12749999999999995
5864800,2020,2020 - 2029,06,"Wuhletal (Wuhle, id: 5864800, fluss-km: 8.04)",0.06010833333333333,0,0.3457499999999999
5864800,2020,2020 - 2029,07,"Wuhletal (Wuhle, id: 5864800, fluss-km: 8.04)",0.06918548387096775,0,0.42164999999999886
5864800,2020,2020 - 2029,08,"Wuhletal (Wuhle, id: 5864800, fluss-km: 8.04)",0.038362903225806454,0,0.16434999999999983
5864800,2020,2020 - 2029,09,"Wuhletal (Wuhle, id: 5864800, fluss-km: 8.04)",0.022675,0,0.08434999999999998
5864800,2020,2020 - 2029,10,"Wuhletal (Wuhle, id: 5864800, fluss-km: 8.04)",0.040403225806451615,0,0.16179999999999997
5864800,2020,2020 - 2029,11,"Wuhletal (Wuhle, id: 5864800, fluss-km: 8.04)",0.050883333333333336,0,0.25294999999999984
5864800,2020,2020 - 2029,12,"Wuhletal (Wuhle, id: 5864800, fluss-km: 8.04)",0.08545161290322581,0,0.47824999999999973
5864801,2010,2010 - 2019,01,"Am Kienberg (Hellersdorfer Graben, id: 5864801, fluss-km: 0.26)",0.042451612903225806,0.001,0.1372
5864801,2010,2010 - 2019,02,"Am Kienberg (Hellersdorfer Graben, id: 5864801, fluss-km: 0.26)",0.038226190476190476,0.001,0.111
5864801,2010,2010 - 2019,03,"Am Kienberg (Hellersdorfer Graben, id: 5864801, fluss-km: 0.26)",0.03760215053763441,0.002,0.1117999999999999
5864801,2010,2010 - 2019,04,"Am Kienberg (Hellersdorfer Graben, id: 5864801, fluss-km: 0.26)",0.03605940594059406,0.001,0.125
5864801,2010,2010 - 2019,05,"Am Kienberg (Hellersdorfer Graben, id: 5864801, fluss-km: 0.26)",0.015989247311827957,0.001,0.034799999999999984
5864801,2010,2010 - 2019,06,"Am Kienberg (Hellersdorfer Graben, id: 5864801, fluss-km: 0.26)",0.032744444444444444,0.001,0.14004999999999979
5864801,2010,2010 - 2019,07,"Am Kienberg (Hellersdorfer Graben, id: 5864801, fluss-km: 0.26)",0.04051724137931034,0.001,0.23490000000000016
5864801,2010,2010 - 2019,08,"Am Kienberg (Hellersdorfer Graben, id: 5864801, fluss-km: 0.26)",0.01593478260869565,0.001,0.09350000000000003
5864801,2010,2010 - 2019,09,"Am Kienberg (Hellersdorfer Graben, id: 5864801, fluss-km: 0.26)",0.011622222222222223,0.001,0.07284999999999998
5864801,2010,2010 - 2019,10,"Am Kienberg (Hellersdorfer Graben, id: 5864801, fluss-km: 0.26)",0.016876288659793813,0.001,0.07999999999999984
5864801,2010,2010 - 2019,11,"Am Kienberg (Hellersdorfer Graben, id: 5864801, fluss-km: 0.26)",0.0163,0.001,0.05534999999999998
5864801,2010,2010 - 2019,12,"Am Kienberg (Hellersdorfer Graben, id: 5864801, fluss-km: 0.26)",0.019596774193548386,0.001,0.06284999999999999
5864801,2020,2020 - 2029,01,"Am Kienberg (Hellersdorfer Graben, id: 5864801, fluss-km: 0.26)",0.022038709677419353,0.001,0.08459999999999997
5864801,2020,2020 - 2029,02,"Am Kienberg (Hellersdorfer Graben, id: 5864801, fluss-km: 0.26)",0.03400704225352113,0.002,0.13
5864801,2020,2020 - 2029,03,"Am Kienberg (Hellersdorfer Graben, id: 5864801, fluss-km: 0.26)",0.01732258064516129,0.001,0.075
5864801,2020,2020 - 2029,04,"Am Kienberg (Hellersdorfer Graben, id: 5864801, fluss-km: 0.26)",0.014833333333333334,0.001,0.0645
5864801,2020,2020 - 2029,05,"Am Kienberg (Hellersdorfer Graben, id: 5864801, fluss-km: 0.26)",0.012193548387096773,0.001,0.053849999999999995
5864801,2020,2020 - 2029,06,"Am Kienberg (Hellersdorfer Graben, id: 5864801, fluss-km: 0.26)",0.024333333333333332,0.001,0.14209999999999998
5864801,2020,2020 - 2029,07,"Am Kienberg (Hellersdorfer Graben, id: 5864801, fluss-km: 0.26)",0.02171774193548387,0.001,0.08034999999999995
5864801,2020,2020 - 2029,08,"Am Kienberg (Hellersdorfer Graben, id: 5864801, fluss-km: 0.26)",0.018395161290322582,0.001,0.07734999999999995
5864801,2020,2020 - 2029,09,"Am Kienberg (Hellersdorfer Graben, id: 5864801, fluss-km: 0.26)",0.012083333333333333,0.001,0.05464999999999996
5864801,2020,2020 - 2029,10,"Am Kienberg (Hellersdorfer Graben, id: 5864801, fluss-km: 0.26)",0.018008064516129033,0.001,0.07554999999999998
5864801,2020,2020 - 2029,11,"Am Kienberg (Hellersdorfer Graben, id: 5864801, fluss-km: 0.26)",0.014816666666666667,0.001,0.06404999999999994
5864801,2020,2020 - 2029,12,"Am Kienberg (Hellersdorfer Graben, id: 5864801, fluss-km: 0.26)",0.023088709677419356,0.001,0.09369999999999999
5865300,2000,2000 - 2009,01,"Am Bahndamm (Wuhle, id: 5865300, fluss-km: 0.85)",0.47096774193548385,0.15,1.2639999999999998
5865300,2000,2000 - 2009,02,"Am Bahndamm (Wuhle, id: 5865300, fluss-km: 0.85)",0.4131313131313131,0.19,0.7714999999999997
5865300,2000,2000 - 2009,03,"Am Bahndamm (Wuhle, id: 5865300, fluss-km: 0.85)",0.37193548387096775,0.22,0.67
5865300,2000,2000 - 2009,04,"Am Bahndamm (Wuhle, id: 5865300, fluss-km: 0.85)",0.36004761904761906,0.21,0.7809999999999997
5865300,2000,2000 - 2009,05,"Am Bahndamm (Wuhle, id: 5865300, fluss-km: 0.85)",0.3473732718894009,0.218,0.6219999999999999
5865300,2000,2000 - 2009,06,"Am Bahndamm (Wuhle, id: 5865300, fluss-km: 0.85)",0.43470833333333336,0.18,1.5004999999999997
5865300,2000,2000 - 2009,07,"Am Bahndamm (Wuhle, id: 5865300, fluss-km: 0.85)",0.44693548387096776,0.18,1.4764999999999997
5865300,2000,2000 - 2009,08,"Am Bahndamm (Wuhle, id: 5865300, fluss-km: 0.85)",0.4590204081632653,0.16,1.5579999999999998
5865300,2000,2000 - 2009,09,"Am Bahndamm (Wuhle, id: 5865300, fluss-km: 0.85)",0.4098095238095238,0.13,1.3455
5865300,2000,2000 - 2009,10,"Am Bahndamm (Wuhle, id: 5865300, fluss-km: 0.85)",0.43311926605504586,0.11,1.5944999999999994
5865300,2000,2000 - 2009,11,"Am Bahndamm (Wuhle, id: 5865300, fluss-km: 0.85)",0.4275,0.13,1.5
5865300,2000,2000 - 2009,12,"Am Bahndamm (Wuhle, id: 5865300, fluss-km: 0.85)",0.44661290322580643,0.13,1.2859999999999991
5865300,2010,2010 - 2019,01,"Am Bahndamm (Wuhle, id: 5865300, fluss-km: 0.85)",0.4277774193548387,0.14545,0.94
5865300,2010,2010 - 2019,02,"Am Bahndamm (Wuhle, id: 5865300, fluss-km: 0.85)",0.38565248226950355,0.114,0.8189999999999997
5865300,2010,2010 - 2019,03,"Am Bahndamm (Wuhle, id: 5865300, fluss-km: 0.85)",0.36211290322580647,0.18,0.68
5865300,2010,2010 - 2019,04,"Am Bahndamm (Wuhle, id: 5865300, fluss-km: 0.85)",0.32604,0.145,0.56335
5865300,2010,2010 - 2019,05,"Am Bahndamm (Wuhle, id: 5865300, fluss-km: 0.85)",0.2741,0.1109,0.49
5865300,2010,2010 - 2019,06,"Am Bahndamm (Wuhle, id: 5865300, fluss-km: 0.85)",0.2634666666666667,0.12,0.58
5865300,2010,2010 - 2019,07,"Am Bahndamm (Wuhle, id: 5865300, fluss-km: 0.85)",0.32568709677419355,0.10370000000000001,0.8342000000000005
5865300,2010,2010 - 2019,08,"Am Bahndamm (Wuhle, id: 5865300, fluss-km: 0.85)",0.27485806451612904,0.09745000000000001,0.7015500000000001
5865300,2010,2010 - 2019,09,"Am Bahndamm (Wuhle, id: 5865300, fluss-km: 0.85)",0.21765666666666666,0.075,0.5405000000000002
5865300,2010,2010 - 2019,10,"Am Bahndamm (Wuhle, id: 5865300, fluss-km: 0.85)",0.22548709677419354,0.08445,0.43055
5865300,2010,2010 - 2019,11,"Am Bahndamm (Wuhle, id: 5865300, fluss-km: 0.85)",0.25239,0.10194999999999999,0.5210000000000002
5865300,2010,2010 - 2019,12,"Am Bahndamm (Wuhle, id: 5865300, fluss-km: 0.85)",0.29328387096774194,0.12545,0.54
5865300,2020,2020 - 2029,01,"Am Bahndamm (Wuhle, id: 5865300, fluss-km: 0.85)",0.19984615384615384,0.112,0.38359999999999994
5865300,2020,2020 - 2029,02,"Am Bahndamm (Wuhle, id: 5865300, fluss-km: 0.85)",0.2687764705882353,0.146,0.4446
5865300,2020,2020 - 2029,03,"Am Bahndamm (Wuhle, id: 5865300, fluss-km: 0.85)",0.21167741935483872,0.14659999999999998,0.32419999999999993
5865300,2020,2020 - 2029,04,"Am Bahndamm (Wuhle, id: 5865300, fluss-km: 0.85)",0.18197777777777777,0.138,0.26915
5865300,2020,2020 - 2029,05,"Am Bahndamm (Wuhle, id: 5865300, fluss-km: 0.85)",0.18753763440860216,0.124,0.3391999999999999
5865300,2020,2020 - 2029,06,"Am Bahndamm (Wuhle, id: 5865300, fluss-km: 0.85)",0.1524111111111111,0.10815,0.21919999999999995
5865300,2020,2020 - 2029,07,"Am Bahndamm (Wuhle, id: 5865300, fluss-km: 0.85)",0.18249462365591398,0.0874,0.36819999999999986
5865300,2020,2020 - 2029,08,"Am Bahndamm (Wuhle, id: 5865300, fluss-km: 0.85)",0.13583870967741934,0.059399999999999994,0.2641999999999999
5865300,2020,2020 - 2029,09,"Am Bahndamm (Wuhle, id: 5865300, fluss-km: 0.85)",0.12206666666666667,0.0639,0.21855
5865300,2020,2020 - 2029,10,"Am Bahndamm (Wuhle, id: 5865300, fluss-km: 0.85)",0.10602150537634408,0.0616,0.17479999999999993
5865300,2020,2020 - 2029,11,"Am Bahndamm (Wuhle, id: 5865300, fluss-km: 0.85)",0.11325555555555555,0.0518,0.2608499999999998
5865300,2020,2020 - 2029,12,"Am Bahndamm (Wuhle, id: 5865300, fluss-km: 0.85)",0.14638709677419356,0.06720000000000001,0.2691999999999999
5866301,2000,2000 - 2009,01,"Zoo (Landwehrkanal, id: 5866301, fluss-km: 1.90)",3.848637992831541,1.4889999999999999,5.46
5866301,2000,2000 - 2009,02,"Zoo (Landwehrkanal, id: 5866301, fluss-km: 1.90)",4.055275590551181,1.276,5.5035
5866301,2000,2000 - 2009,03,"Zoo (Landwehrkanal, id: 5866301, fluss-km: 1.90)",3.881899641577061,1.364,5.340999999999999
5866301,2000,2000 - 2009,04,"Zoo (Landwehrkanal, id: 5866301, fluss-km: 1.90)",4.290333333333334,2.5935,5.996499999999999
5866301,2000,2000 - 2009,05,"Zoo (Landwehrkanal, id: 5866301, fluss-km: 1.90)",3.6017921146953404,1.5690000000000002,5.481
5866301,2000,2000 - 2009,06,"Zoo (Landwehrkanal, id: 5866301, fluss-km: 1.90)",2.6917407407407405,1.5545,4.230499999999996
5866301,2000,2000 - 2009,07,"Zoo (Landwehrkanal, id: 5866301, fluss-km: 1.90)",2.5161290322580645,1.309,3.6809999999999996
5866301,2000,2000 - 2009,08,"Zoo (Landwehrkanal, id: 5866301, fluss-km: 1.90)",2.2908243727598565,1.148,4.339999999999996
5866301,2000,2000 - 2009,09,"Zoo (Landwehrkanal, id: 5866301, fluss-km: 1.90)",2.3905925925925926,1.55,3.620999999999999
5866301,2000,2000 - 2009,10,"Zoo (Landwehrkanal, id: 5866301, fluss-km: 1.90)",2.8767741935483873,1.53,4.981999999999999
5866301,2000,2000 - 2009,11,"Zoo (Landwehrkanal, id: 5866301, fluss-km: 1.90)",3.0039666666666665,1.16,4.770499999999999
5866301,2000,2000 - 2009,12,"Zoo (Landwehrkanal, id: 5866301, fluss-km: 1.90)",3.393806451612903,1.2945000000000002,5.535500000000001
5866301,2010,2010 - 2019,01,"Zoo (Landwehrkanal, id: 5866301, fluss-km: 1.90)",2.5239354838709676,0.64,7.086500000000001
5866301,2010,2010 - 2019,02,"Zoo (Landwehrkanal, id: 5866301, fluss-km: 1.90)",2.3975531914893615,0.761,6.834499999999997
5866301,2010,2010 - 2019,03,"Zoo (Landwehrkanal, id: 5866301, fluss-km: 1.90)",2.7435161290322583,0.8180000000000001,5.3755
5866301,2010,2010 - 2019,04,"Zoo (Landwehrkanal, id: 5866301, fluss-km: 1.90)",3.0409333333333333,1.3,5.480500000000001
5866301,2010,2010 - 2019,05,"Zoo (Landwehrkanal, id: 5866301, fluss-km: 1.90)",2.826451612903226,1.319,4.6555
5866301,2010,2010 - 2019,06,"Zoo (Landwehrkanal, id: 5866301, fluss-km: 1.90)",2.5704827586206895,1.418,3.8655000000000004
5866301,2010,2010 - 2019,07,"Zoo (Landwehrkanal, id: 5866301, fluss-km: 1.90)",2.4643225806451614,1.1245,4.152
5866301,2010,2010 - 2019,08,"Zoo (Landwehrkanal, id: 5866301, fluss-km: 1.90)",2.580935483870968,1.31,4.5665000000000004
5866301,2010,2010 - 2019,09,"Zoo (Landwehrkanal, id: 5866301, fluss-km: 1.90)",2.4973578595317725,1.3190000000000002,4.25
5866301,2010,2010 - 2019,10,"Zoo (Landwehrkanal, id: 5866301, fluss-km: 1.90)",2.6302903225806453,1,4.902000000000001
5866301,2010,2010 - 2019,11,"Zoo (Landwehrkanal, id: 5866301, fluss-km: 1.90)",2.4800666666666666,0.83,4.941500000000001
5866301,2010,2010 - 2019,12,"Zoo (Landwehrkanal, id: 5866301, fluss-km: 1.90)",2.4979545454545455,0.79,4.7665
5866301,2020,2020 - 2029,01,"Zoo (Landwehrkanal, id: 5866301, fluss-km: 1.90)",1.9758709677419355,0.75,3.8189999999999995
5866301,2020,2020 - 2029,02,"Zoo (Landwehrkanal, id: 5866301, fluss-km: 1.90)",2.032887323943662,0.9804999999999999,3.659
5866301,2020,2020 - 2029,03,"Zoo (Landwehrkanal, id: 5866301, fluss-km: 1.90)",2.081225806451613,0.9669999999999999,3.5629999999999997
5866301,2020,2020 - 2029,04,"Zoo (Landwehrkanal, id: 5866301, fluss-km: 1.90)",1.9392063492063492,0.8625,3.6625
5866301,2020,2020 - 2029,05,"Zoo (Landwehrkanal, id: 5866301, fluss-km: 1.90)",1.895,0.7015,3.497
5866301,2020,2020 - 2029,06,"Zoo (Landwehrkanal, id: 5866301, fluss-km: 1.90)",1.9695833333333332,0.73,3.3505
5866301,2020,2020 - 2029,07,"Zoo (Landwehrkanal, id: 5866301, fluss-km: 1.90)",1.9539516129032257,1.3630000000000002,3.1024999999999996
5866301,2020,2020 - 2029,08,"Zoo (Landwehrkanal, id: 5866301, fluss-km: 1.90)",1.9656451612903225,1.42,2.9585
5866301,2020,2020 - 2029,09,"Zoo (Landwehrkanal, id: 5866301, fluss-km: 1.90)",1.7988333333333333,1.3984999999999999,2.5709999999999997
5866301,2020,2020 - 2029,10,"Zoo (Landwehrkanal, id: 5866301, fluss-km: 1.90)",1.9434677419354838,1.303,3.1985
5866301,2020,2020 - 2029,11,"Zoo (Landwehrkanal, id: 5866301, fluss-km: 1.90)",1.99375,1.2294999999999998,3.0709999999999997
5866301,2020,2020 - 2029,12,"Zoo (Landwehrkanal, id: 5866301, fluss-km: 1.90)",1.739516129032258,0.8,3.1649999999999996
5867401,2000,2000 - 2009,01,"Bürgerpark (Panke, id: 5867401, fluss-km: 4.27)",0.5693548387096774,0.23,1.4749999999999996
5867401,2000,2000 - 2009,02,"Bürgerpark (Panke, id: 5867401, fluss-km: 4.27)",0.5608771929824561,0.418,0.8859999999999999
5867401,2000,2000 - 2009,03,"Bürgerpark (Panke, id: 5867401, fluss-km: 4.27)",0.7682258064516129,0.6105,0.9595
5867401,2000,2000 - 2009,04,"Bürgerpark (Panke, id: 5867401, fluss-km: 4.27)",0.743,0.3695,1.3119999999999998
5867401,2000,2000 - 2009,05,"Bürgerpark (Panke, id: 5867401, fluss-km: 4.27)",0.6290322580645161,0.29,1.4629999999999976
5867401,2000,2000 - 2009,06,"Bürgerpark (Panke, id: 5867401, fluss-km: 4.27)",0.4745,0.2,0.8309999999999998
5867401,2000,2000 - 2009,07,"Bürgerpark (Panke, id: 5867401, fluss-km: 4.27)",0.28274193548387094,0.1205,0.8684999999999998
5867401,2000,2000 - 2009,08,"Bürgerpark (Panke, id: 5867401, fluss-km: 4.27)",0.14129032258064517,0.060500000000000005,0.24749999999999978
5867401,2000,2000 - 2009,09,"Bürgerpark (Panke, id: 5867401, fluss-km: 4.27)",0.1565,0.0895,0.32149999999999995
5867401,2000,2000 - 2009,10,"Bürgerpark (Panke, id: 5867401, fluss-km: 4.27)",0.28279569892473116,0.14,0.6379999999999999
5867401,2000,2000 - 2009,11,"Bürgerpark (Panke, id: 5867401, fluss-km: 4.27)",0.4468888888888889,0.2,0.9855
5867401,2000,2000 - 2009,12,"Bürgerpark (Panke, id: 5867401, fluss-km: 4.27)",0.460752688172043,0.24,0.8599999999999992
5867401,2010,2010 - 2019,01,"Bürgerpark (Panke, id: 5867401, fluss-km: 4.27)",1.0537096774193548,0.33,2
5867401,2010,2010 - 2019,02,"Bürgerpark (Panke, id: 5867401, fluss-km: 4.27)",0.9858510638297873,0.3205,1.8794999999999997
5867401,2010,2010 - 2019,03,"Bürgerpark (Panke, id: 5867401, fluss-km: 4.27)",0.9336451612903226,0.36,1.8255000000000001
5867401,2010,2010 - 2019,04,"Bürgerpark (Panke, id: 5867401, fluss-km: 4.27)",0.8499666666666666,0.32,1.7010000000000003
5867401,2010,2010 - 2019,05,"Bürgerpark (Panke, id: 5867401, fluss-km: 4.27)",0.7106129032258065,0.13,1.35
5867401,2010,2010 - 2019,06,"Bürgerpark (Panke, id: 5867401, fluss-km: 4.27)",0.7129333333333333,0.2,1.631
5867401,2010,2010 - 2019,07,"Bürgerpark (Panke, id: 5867401, fluss-km: 4.27)",0.7497096774193548,0.11,1.7175000000000005
5867401,2010,2010 - 2019,08,"Bürgerpark (Panke, id: 5867401, fluss-km: 4.27)",0.7998709677419354,0.18,1.6530000000000007
5867401,2010,2010 - 2019,09,"Bürgerpark (Panke, id: 5867401, fluss-km: 4.27)",0.7273333333333334,0.1995,1.5
5867401,2010,2010 - 2019,10,"Bürgerpark (Panke, id: 5867401, fluss-km: 4.27)",0.669483870967742,0.13450000000000004,1.4655
5867401,2010,2010 - 2019,11,"Bürgerpark (Panke, id: 5867401, fluss-km: 4.27)",0.7722,0.11950000000000001,1.86
5867401,2010,2010 - 2019,12,"Bürgerpark (Panke, id: 5867401, fluss-km: 4.27)",0.9438709677419355,0.3245,1.91
5867401,2020,2020 - 2029,01,"Bürgerpark (Panke, id: 5867401, fluss-km: 4.27)",1.2618709677419355,0.4599999999999999,1.8189999999999995
5867401,2020,2020 - 2029,02,"Bürgerpark (Panke, id: 5867401, fluss-km: 4.27)",1.3852112676056338,0.64,2.1390000000000002
5867401,2020,2020 - 2029,03,"Bürgerpark (Panke, id: 5867401, fluss-km: 4.27)",1.055741935483871,0.327,1.763
5867401,2020,2020 - 2029,04,"Bürgerpark (Panke, id: 5867401, fluss-km: 4.27)",1.0673809523809523,0.37,1.53
5867401,2020,2020 - 2029,05,"Bürgerpark (Panke, id: 5867401, fluss-km: 4.27)",0.8262903225806452,0.2415,1.4109999999999996
5867401,2020,2020 - 2029,06,"Bürgerpark (Panke, id: 5867401, fluss-km: 4.27)",0.7214166666666667,0.4195,1.17
5867401,2020,2020 - 2029,07,"Bürgerpark (Panke, id: 5867401, fluss-km: 4.27)",0.5690322580645162,0.37150000000000005,0.9679999999999995
5867401,2020,2020 - 2029,08,"Bürgerpark (Panke, id: 5867401, fluss-km: 4.27)",0.5176612903225807,0.35,0.7569999999999999
5867401,2020,2020 - 2029,09,"Bürgerpark (Panke, id: 5867401, fluss-km: 4.27)",0.49733333333333335,0.1,0.7719999999999999
5867401,2020,2020 - 2029,10,"Bürgerpark (Panke, id: 5867401, fluss-km: 4.27)",0.6992741935483872,0.3915,1.1384999999999998
5867401,2020,2020 - 2029,11,"Bürgerpark (Panke, id: 5867401, fluss-km: 4.27)",1.0524166666666668,0.45,1.5624999999999998
5867401,2020,2020 - 2029,12,"Bürgerpark (Panke, id: 5867401, fluss-km: 4.27)",1.4435483870967742,1.02,2.234
5867900,2000,2000 - 2009,01,"Eisenbahnbrücke (Nordgraben, id: 5867900, fluss-km: 1.30)",1.3934767025089605,0.61,2.74
5867900,2000,2000 - 2009,02,"Eisenbahnbrücke (Nordgraben, id: 5867900, fluss-km: 1.30)",1.4973622047244095,0.6164999999999999,2.4435000000000002
5867900,2000,2000 - 2009,03,"Eisenbahnbrücke (Nordgraben, id: 5867900, fluss-km: 1.30)",1.5622222222222222,0.519,2.6139999999999985
5867900,2000,2000 - 2009,04,"Eisenbahnbrücke (Nordgraben, id: 5867900, fluss-km: 1.30)",1.3667777777777779,1.02,2.32
5867900,2000,2000 - 2009,05,"Eisenbahnbrücke (Nordgraben, id: 5867900, fluss-km: 1.30)",1.2638709677419355,0.76,2.1079999999999974
5867900,2000,2000 - 2009,06,"Eisenbahnbrücke (Nordgraben, id: 5867900, fluss-km: 1.30)",1.091888888888889,0.74,1.65
5867900,2000,2000 - 2009,07,"Eisenbahnbrücke (Nordgraben, id: 5867900, fluss-km: 1.30)",1.190752688172043,0.64,2.0999999999999965
5867900,2000,2000 - 2009,08,"Eisenbahnbrücke (Nordgraben, id: 5867900, fluss-km: 1.30)",1.220752688172043,0.659,2.065999999999998
5867900,2000,2000 - 2009,09,"Eisenbahnbrücke (Nordgraben, id: 5867900, fluss-km: 1.30)",1.2128148148148148,0.63,2.02
5867900,2000,2000 - 2009,10,"Eisenbahnbrücke (Nordgraben, id: 5867900, fluss-km: 1.30)",1.2327598566308244,0.769,1.78
5867900,2000,2000 - 2009,11,"Eisenbahnbrücke (Nordgraben, id: 5867900, fluss-km: 1.30)",1.2565333333333333,0.62,2.0015000000000005
5867900,2000,2000 - 2009,12,"Eisenbahnbrücke (Nordgraben, id: 5867900, fluss-km: 1.30)",1.2639354838709678,0.5945,1.991
5867900,2010,2010 - 2019,01,"Eisenbahnbrücke (Nordgraben, id: 5867900, fluss-km: 1.30)",1.503258064516129,0.22445,3.0030000000000006
5867900,2010,2010 - 2019,02,"Eisenbahnbrücke (Nordgraben, id: 5867900, fluss-km: 1.30)",1.3654645390070923,0.19715000000000002,2.7079999999999997
5867900,2010,2010 - 2019,03,"Eisenbahnbrücke (Nordgraben, id: 5867900, fluss-km: 1.30)",1.3722129032258064,0.3627,2.2465
5867900,2010,2010 - 2019,04,"Eisenbahnbrücke (Nordgraben, id: 5867900, fluss-km: 1.30)",1.1829366666666667,0.2599,2.0210000000000004
5867900,2010,2010 - 2019,05,"Eisenbahnbrücke (Nordgraben, id: 5867900, fluss-km: 1.30)",1.056441935483871,0.19535000000000002,2.013000000000001
5867900,2010,2010 - 2019,06,"Eisenbahnbrücke (Nordgraben, id: 5867900, fluss-km: 1.30)",1.1213,0.18595,2.3315000000000006
5867900,2010,2010 - 2019,07,"Eisenbahnbrücke (Nordgraben, id: 5867900, fluss-km: 1.30)",1.2193193548387098,0.18645,3.0230000000000032
5867900,2010,2010 - 2019,08,"Eisenbahnbrücke (Nordgraben, id: 5867900, fluss-km: 1.30)",1.0357129032258066,0.112,2.6555
5867900,2010,2010 - 2019,09,"Eisenbahnbrücke (Nordgraben, id: 5867900, fluss-km: 1.30)",0.94034,0.13695000000000002,2.1115
5867900,2010,2010 - 2019,10,"Eisenbahnbrücke (Nordgraben, id: 5867900, fluss-km: 1.30)",1.1202290322580646,0.15289999999999998,1.9965000000000002
5867900,2010,2010 - 2019,11,"Eisenbahnbrücke (Nordgraben, id: 5867900, fluss-km: 1.30)",1.2008366666666666,0.1618,2.234500000000001
5867900,2010,2010 - 2019,12,"Eisenbahnbrücke (Nordgraben, id: 5867900, fluss-km: 1.30)",1.209525806451613,0.20135000000000003,2.3375000000000004
5867900,2020,2020 - 2029,01,"Eisenbahnbrücke (Nordgraben, id: 5867900, fluss-km: 1.30)",0.5171612903225806,0.1358,2.1419999999999995
5867900,2020,2020 - 2029,02,"Eisenbahnbrücke (Nordgraben, id: 5867900, fluss-km: 1.30)",0.842556338028169,0.15310000000000001,2.6644999999999985
5867900,2020,2020 - 2029,03,"Eisenbahnbrücke (Nordgraben, id: 5867900, fluss-km: 1.30)",1.024174193548387,0.1498,2.411999999999999
5867900,2020,2020 - 2029,04,"Eisenbahnbrücke (Nordgraben, id: 5867900, fluss-km: 1.30)",0.8061269841269841,0.1915,1.83
5867900,2020,2020 - 2029,05,"Eisenbahnbrücke (Nordgraben, id: 5867900, fluss-km: 1.30)",0.7466290322580645,0.22035000000000002,1.5485
5867900,2020,2020 - 2029,06,"Eisenbahnbrücke (Nordgraben, id: 5867900, fluss-km: 1.30)",0.7825083333333334,0.14394999999999997,1.8864999999999994
5867900,2020,2020 - 2029,07,"Eisenbahnbrücke (Nordgraben, id: 5867900, fluss-km: 1.30)",0.9463870967741935,0.5209,1.8149999999999995
5867900,2020,2020 - 2029,08,"Eisenbahnbrücke (Nordgraben, id: 5867900, fluss-km: 1.30)",0.8749274193548388,0.5641999999999999,1.6734999999999993
5867900,2020,2020 - 2029,09,"Eisenbahnbrücke (Nordgraben, id: 5867900, fluss-km: 1.30)",0.9089333333333334,0.60095,1.533
5867900,2020,2020 - 2029,10,"Eisenbahnbrücke (Nordgraben, id: 5867900, fluss-km: 1.30)",0.815508064516129,0.48714999999999997,1.4024999999999996
5867900,2020,2020 - 2029,11,"Eisenbahnbrücke (Nordgraben, id: 5867900, fluss-km: 1.30)",0.57035,0.141,1.2124999999999997
5867900,2020,2020 - 2029,12,"Eisenbahnbrücke (Nordgraben, id: 5867900, fluss-km: 1.30)",0.4413145161290323,0.09865,1.722999999999999
5870100,2000,2000 - 2009,01,"Lichterfelde (Teltowkanal, id: 5870100, fluss-km: 15.69)",7.282007168458781,4.66,9.632
5870100,2000,2000 - 2009,02,"Lichterfelde (Teltowkanal, id: 5870100, fluss-km: 15.69)",7.30992125984252,4.8265,9.16
5870100,2000,2000 - 2009,03,"Lichterfelde (Teltowkanal, id: 5870100, fluss-km: 15.69)",8.134322580645161,5.0075,10.3
5870100,2000,2000 - 2009,04,"Lichterfelde (Teltowkanal, id: 5870100, fluss-km: 15.69)",8.686666666666667,5.7585,11.910000000000002
5870100,2000,2000 - 2009,05,"Lichterfelde (Teltowkanal, id: 5870100, fluss-km: 15.69)",7.040741935483871,4.0025,11.8
5870100,2000,2000 - 2009,06,"Lichterfelde (Teltowkanal, id: 5870100, fluss-km: 15.69)",6.245566666666667,2.3310000000000004,9.402000000000001
5870100,2000,2000 - 2009,07,"Lichterfelde (Teltowkanal, id: 5870100, fluss-km: 15.69)",5.050032258064516,2.18,7.362
5870100,2000,2000 - 2009,08,"Lichterfelde (Teltowkanal, id: 5870100, fluss-km: 15.69)",4.859709677419355,1.73,8.982000000000003
5870100,2000,2000 - 2009,09,"Lichterfelde (Teltowkanal, id: 5870100, fluss-km: 15.69)",6.122066666666667,2.6094999999999997,9.327500000000002
5870100,2000,2000 - 2009,10,"Lichterfelde (Teltowkanal, id: 5870100, fluss-km: 15.69)",6.34583870967742,4.0635,8.3465
5870100,2000,2000 - 2009,11,"Lichterfelde (Teltowkanal, id: 5870100, fluss-km: 15.69)",6.562166666666666,4.0295000000000005,9.130500000000001
5870100,2000,2000 - 2009,12,"Lichterfelde (Teltowkanal, id: 5870100, fluss-km: 15.69)",6.679806451612904,4.769,9.0265
5870100,2010,2010 - 2019,01,"Lichterfelde (Teltowkanal, id: 5870100, fluss-km: 15.69)",9.50567741935484,4.8225,16.51
5870100,2010,2010 - 2019,02,"Lichterfelde (Teltowkanal, id: 5870100, fluss-km: 15.69)",9.1172695035461,4.8505,15.5
5870100,2010,2010 - 2019,03,"Lichterfelde (Teltowkanal, id: 5870100, fluss-km: 15.69)",9.053322580645162,5.22,13.555
5870100,2010,2010 - 2019,04,"Lichterfelde (Teltowkanal, id: 5870100, fluss-km: 15.69)",8.717266666666667,4.107,14.805000000000001
5870100,2010,2010 - 2019,05,"Lichterfelde (Teltowkanal, id: 5870100, fluss-km: 15.69)",7.594161290322581,4.046,10.6
5870100,2010,2010 - 2019,06,"Lichterfelde (Teltowkanal, id: 5870100, fluss-km: 15.69)",5.956823333333333,1.5475,10.910000000000002
5870100,2010,2010 - 2019,07,"Lichterfelde (Teltowkanal, id: 5870100, fluss-km: 15.69)",6.248167741935484,1.3850000000000002,12.555
5870100,2010,2010 - 2019,08,"Lichterfelde (Teltowkanal, id: 5870100, fluss-km: 15.69)",6.494341935483871,1.4545,11.755
5870100,2010,2010 - 2019,09,"Lichterfelde (Teltowkanal, id: 5870100, fluss-km: 15.69)",6.816363333333333,1.8090000000000002,12
5870100,2010,2010 - 2019,10,"Lichterfelde (Teltowkanal, id: 5870100, fluss-km: 15.69)",7.483258064516129,3.3135000000000003,11.9
5870100,2010,2010 - 2019,11,"Lichterfelde (Teltowkanal, id: 5870100, fluss-km: 15.69)",7.565566666666666,3.4,11.1
5870100,2010,2010 - 2019,12,"Lichterfelde (Teltowkanal, id: 5870100, fluss-km: 15.69)",8.317508090614886,3.424,13.7
5870100,2020,2020 - 2029,01,"Lichterfelde (Teltowkanal, id: 5870100, fluss-km: 15.69)",6.456064516129032,3.508,10.629999999999997
5870100,2020,2020 - 2029,02,"Lichterfelde (Teltowkanal, id: 5870100, fluss-km: 15.69)",6.612676056338028,3.583,10.094999999999999
5870100,2020,2020 - 2029,03,"Lichterfelde (Teltowkanal, id: 5870100, fluss-km: 15.69)",8.534451612903226,5.054,12.83
5870100,2020,2020 - 2029,04,"Lichterfelde (Teltowkanal, id: 5870100, fluss-km: 15.69)",9.318412698412699,6.157500000000001,13.5
5870100,2020,2020 - 2029,05,"Lichterfelde (Teltowkanal, id: 5870100, fluss-km: 15.69)",7.915403225806451,4.8415,11.1
5870100,2020,2020 - 2029,06,"Lichterfelde (Teltowkanal, id: 5870100, fluss-km: 15.69)",5.532,2.7495000000000003,9.629999999999999
5870100,2020,2020 - 2029,07,"Lichterfelde (Teltowkanal, id: 5870100, fluss-km: 15.69)",5.3878145161290325,1.6934999999999998,10.8
5870100,2020,2020 - 2029,08,"Lichterfelde (Teltowkanal, id: 5870100, fluss-km: 15.69)",5.214314516129032,1.23,11.719999999999994
5870100,2020,2020 - 2029,09,"Lichterfelde (Teltowkanal, id: 5870100, fluss-km: 15.69)",7.617583333333333,3.7875,11.905
5870100,2020,2020 - 2029,10,"Lichterfelde (Teltowkanal, id: 5870100, fluss-km: 15.69)",8.068951612903225,5.6765,10.754999999999999
5870100,2020,2020 - 2029,11,"Lichterfelde (Teltowkanal, id: 5870100, fluss-km: 15.69)",7.1866666666666665,3.7265,10.305000000000001
5870100,2020,2020 - 2029,12,"Lichterfelde (Teltowkanal, id: 5870100, fluss-km: 15.69)",6.994677419354839,2.625,11.1
5870400,2020,2020 - 2029,01,"Alsenbrücke (Griebnitzkanal, id: 5870400, fluss-km: 1.46)",-0.677741935483871,-2.6609999999999996,1.8039999999999994
5870400,2020,2020 - 2029,02,"Alsenbrücke (Griebnitzkanal, id: 5870400, fluss-km: 1.46)",-0.9598245614035088,-2.342,1.0239999999999994
5870400,2020,2020 - 2029,03,"Alsenbrücke (Griebnitzkanal, id: 5870400, fluss-km: 1.46)",-2.714166666666667,-3.8105,-1.3869999999999996
5870400,2020,2020 - 2029,04,"Alsenbrücke (Griebnitzkanal, id: 5870400, fluss-km: 1.46)",-3.0115151515151517,-3.9524999999999997,-1.3450000000000002
5870400,2020,2020 - 2029,05,"Alsenbrücke (Griebnitzkanal, id: 5870400, fluss-km: 1.46)",-2.7683870967741937,-3.6580000000000004,-1.8250000000000004
5870400,2020,2020 - 2029,06,"Alsenbrücke (Griebnitzkanal, id: 5870400, fluss-km: 1.46)",-1.6126666666666667,-3.235,-0.29750000000000015
5870400,2020,2020 - 2029,07,"Alsenbrücke (Griebnitzkanal, id: 5870400, fluss-km: 1.46)",-1.4716129032258065,-3.1595000000000004,-0.21600000000000139
5870400,2020,2020 - 2029,08,"Alsenbrücke (Griebnitzkanal, id: 5870400, fluss-km: 1.46)",-1.5569354838709677,-3.2884999999999995,-0.06650000000000056
5870400,2020,2020 - 2029,09,"Alsenbrücke (Griebnitzkanal, id: 5870400, fluss-km: 1.46)",-2.345666666666667,-3.4385,-1.3
5870400,2020,2020 - 2029,10,"Alsenbrücke (Griebnitzkanal, id: 5870400, fluss-km: 1.46)",-2.5016129032258063,-3.288,-1.5210000000000001
5870400,2020,2020 - 2029,11,"Alsenbrücke (Griebnitzkanal, id: 5870400, fluss-km: 1.46)",-2.183,-3.461,-0.6155000000000003
5870400,2020,2020 - 2029,12,"Alsenbrücke (Griebnitzkanal, id: 5870400, fluss-km: 1.46)",-1.532258064516129,-3.6485,1.9594999999999974
