Messstellennummer,Decade,Decade_Label,Month,Label,Monatsmittelwert,q05,q95
5803200,1980,1980 - 1989,01,"Tiefwerder (Havel, id: 5803200, fluss-km: 1.48)",89.30967741935484,59.18000000000001,129
5803200,1980,1980 - 1989,02,"Tiefwerder (Havel, id: 5803200, fluss-km: 1.48)",93.80705882352942,47.96,136
5803200,1980,1980 - 1989,03,"Tiefwerder (Havel, id: 5803200, fluss-km: 1.48)",94.25913978494624,40.36,144
5803200,1980,1980 - 1989,04,"Tiefwerder (Havel, id: 5803200, fluss-km: 1.48)",86.45555555555556,31.564999999999998,130
5803200,1980,1980 - 1989,05,"Tiefwerder (Havel, id: 5803200, fluss-km: 1.48)",50.56881720430108,27.480000000000004,97.67999999999999
5803200,1980,1980 - 1989,06,"Tiefwerder (Havel, id: 5803200, fluss-km: 1.48)",43.56444444444445,30.845,67.23
5803200,1980,1980 - 1989,07,"Tiefwerder (Havel, id: 5803200, fluss-km: 1.48)",44.582795698924734,30.88,74.1
5803200,1980,1980 - 1989,08,"Tiefwerder (Havel, id: 5803200, fluss-km: 1.48)",44.443010752688174,24.340000000000003,74.7
5803200,1980,1980 - 1989,09,"Tiefwerder (Havel, id: 5803200, fluss-km: 1.48)",41.05222222222222,16.145000000000003,75.14499999999998
5803200,1980,1980 - 1989,10,"Tiefwerder (Havel, id: 5803200, fluss-km: 1.48)",39.108602150537635,21.16,61.57999999999999
5803200,1980,1980 - 1989,11,"Tiefwerder (Havel, id: 5803200, fluss-km: 1.48)",55.1725,38.1,90.525
5803200,1980,1980 - 1989,12,"Tiefwerder (Havel, id: 5803200, fluss-km: 1.48)",69.21129032258065,40.055,102
5803200,1990,1990 - 1999,01,"Tiefwerder (Havel, id: 5803200, fluss-km: 1.48)",57.73612903225806,22.225,118.55000000000001
5803200,1990,1990 - 1999,02,"Tiefwerder (Havel, id: 5803200, fluss-km: 1.48)",60.797872340425535,25.705,117.94999999999999
5803200,1990,1990 - 1999,03,"Tiefwerder (Havel, id: 5803200, fluss-km: 1.48)",61.498064516129034,29,123.20000000000005
5803200,1990,1990 - 1999,04,"Tiefwerder (Havel, id: 5803200, fluss-km: 1.48)",55.358666666666664,25.889999999999997,131
5803200,1990,1990 - 1999,05,"Tiefwerder (Havel, id: 5803200, fluss-km: 1.48)",37.76025806451613,13.650000000000002,77.97500000000001
5803200,1990,1990 - 1999,06,"Tiefwerder (Havel, id: 5803200, fluss-km: 1.48)",31.752966666666666,10.59,82.03500000000001
5803200,1990,1990 - 1999,07,"Tiefwerder (Havel, id: 5803200, fluss-km: 1.48)",24.602451612903227,7.239000000000001,52.82000000000001
5803200,1990,1990 - 1999,08,"Tiefwerder (Havel, id: 5803200, fluss-km: 1.48)",19.17593548387097,4.8545,39.965
5803200,1990,1990 - 1999,09,"Tiefwerder (Havel, id: 5803200, fluss-km: 1.48)",28.659666666666666,10.6575,62.315000000000026
5803200,1990,1990 - 1999,10,"Tiefwerder (Havel, id: 5803200, fluss-km: 1.48)",29.782096774193548,13.49,43.2
5803200,1990,1990 - 1999,11,"Tiefwerder (Havel, id: 5803200, fluss-km: 1.48)",40.01266666666667,20.195,64.57000000000002
5803200,1990,1990 - 1999,12,"Tiefwerder (Havel, id: 5803200, fluss-km: 1.48)",49.534838709677416,28.145,92.14000000000001
5803200,2000,2000 - 2009,01,"Tiefwerder (Havel, id: 5803200, fluss-km: 1.48)",49.873225806451615,25.5,105.55000000000001
5803200,2000,2000 - 2009,02,"Tiefwerder (Havel, id: 5803200, fluss-km: 1.48)",61.76183745583039,34.65,93.46
5803200,2000,2000 - 2009,03,"Tiefwerder (Havel, id: 5803200, fluss-km: 1.48)",64.36645161290322,32.19,104.55000000000001
5803200,2000,2000 - 2009,04,"Tiefwerder (Havel, id: 5803200, fluss-km: 1.48)",48.431266666666666,16.6,102.05000000000001
5803200,2000,2000 - 2009,05,"Tiefwerder (Havel, id: 5803200, fluss-km: 1.48)",24.899709677419356,11.3,48.72
5803200,2000,2000 - 2009,06,"Tiefwerder (Havel, id: 5803200, fluss-km: 1.48)",16.7216,6.968999999999999,33.805
5803200,2000,2000 - 2009,07,"Tiefwerder (Havel, id: 5803200, fluss-km: 1.48)",18.458870967741937,6.6315,40.695000000000014
5803200,2000,2000 - 2009,08,"Tiefwerder (Havel, id: 5803200, fluss-km: 1.48)",19.700774193548387,6.1025,48.05000000000001
5803200,2000,2000 - 2009,09,"Tiefwerder (Havel, id: 5803200, fluss-km: 1.48)",19.904033333333334,7.1194999999999995,45.4
5803200,2000,2000 - 2009,10,"Tiefwerder (Havel, id: 5803200, fluss-km: 1.48)",28.885870967741937,14.045,61.34000000000002
5803200,2000,2000 - 2009,11,"Tiefwerder (Havel, id: 5803200, fluss-km: 1.48)",38.762,18.185000000000002,77.15
5803200,2000,2000 - 2009,12,"Tiefwerder (Havel, id: 5803200, fluss-km: 1.48)",41.758709677419354,21.245,68.61000000000001
5803200,2010,2010 - 2019,01,"Tiefwerder (Havel, id: 5803200, fluss-km: 1.48)",72.67451612903226,28.845,156
5803200,2010,2010 - 2019,02,"Tiefwerder (Havel, id: 5803200, fluss-km: 1.48)",68.16028368794326,34.815,144.69999999999993
5803200,2010,2010 - 2019,03,"Tiefwerder (Havel, id: 5803200, fluss-km: 1.48)",61.70967741935484,26.990000000000002,106.10000000000002
5803200,2010,2010 - 2019,04,"Tiefwerder (Havel, id: 5803200, fluss-km: 1.48)",44.49366666666667,16.695,71.405
5803200,2010,2010 - 2019,05,"Tiefwerder (Havel, id: 5803200, fluss-km: 1.48)",27.15325806451613,9.968,52.730000000000004
5803200,2010,2010 - 2019,06,"Tiefwerder (Havel, id: 5803200, fluss-km: 1.48)",25.326066666666666,5.3095,83.35500000000002
5803200,2010,2010 - 2019,07,"Tiefwerder (Havel, id: 5803200, fluss-km: 1.48)",28.89841935483871,6.49,83.88500000000003
5803200,2010,2010 - 2019,08,"Tiefwerder (Havel, id: 5803200, fluss-km: 1.48)",30.801516129032258,5.0685,107.20000000000005
5803200,2010,2010 - 2019,09,"Tiefwerder (Havel, id: 5803200, fluss-km: 1.48)",28.890633333333334,5.96,78.43
5803200,2010,2010 - 2019,10,"Tiefwerder (Havel, id: 5803200, fluss-km: 1.48)",37.66025806451613,11.045,85.88500000000002
5803200,2010,2010 - 2019,11,"Tiefwerder (Havel, id: 5803200, fluss-km: 1.48)",45.99133333333333,14.39,107.10000000000002
5803200,2010,2010 - 2019,12,"Tiefwerder (Havel, id: 5803200, fluss-km: 1.48)",55.86483870967742,20.28,116
5803200,2020,2020 - 2029,01,"Tiefwerder (Havel, id: 5803200, fluss-km: 1.48)",38.81290322580645,21.68,54.83999999999997
5803200,2020,2020 - 2029,02,"Tiefwerder (Havel, id: 5803200, fluss-km: 1.48)",56.308235294117644,35.4,92.2
5803200,2020,2020 - 2029,03,"Tiefwerder (Havel, id: 5803200, fluss-km: 1.48)",39.98817204301075,22.04,60.339999999999996
5803200,2020,2020 - 2029,04,"Tiefwerder (Havel, id: 5803200, fluss-km: 1.48)",24.781111111111112,11.445,38.375
5803200,2020,2020 - 2029,05,"Tiefwerder (Havel, id: 5803200, fluss-km: 1.48)",20.826021505376342,9.94,39.579999999999984
5803200,2020,2020 - 2029,06,"Tiefwerder (Havel, id: 5803200, fluss-km: 1.48)",11.61288888888889,5.5440000000000005,17.989999999999995
5803200,2020,2020 - 2029,07,"Tiefwerder (Havel, id: 5803200, fluss-km: 1.48)",12.484731182795699,5.5920000000000005,29.659999999999975
5803200,2020,2020 - 2029,08,"Tiefwerder (Havel, id: 5803200, fluss-km: 1.48)",10.631290322580645,4.542000000000001,26.479999999999993
5803200,2020,2020 - 2029,09,"Tiefwerder (Havel, id: 5803200, fluss-km: 1.48)",14.154941176470588,5.964,33.42
5803200,2020,2020 - 2029,10,"Tiefwerder (Havel, id: 5803200, fluss-km: 1.48)",18.270806451612902,9.0075,32
5803200,2020,2020 - 2029,11,"Tiefwerder (Havel, id: 5803200, fluss-km: 1.48)",32.735,15.265,55.82999999999999
5803200,2020,2020 - 2029,12,"Tiefwerder (Havel, id: 5803200, fluss-km: 1.48)",29.124193548387098,15.930000000000001,38.785
5815911,2000,2000 - 2009,01,"Tegelort (Havel, id: 5815911, fluss-km: 4.95)",17.71290322580645,4.288,36.599999999999945
5815911,2000,2000 - 2009,02,"Tegelort (Havel, id: 5815911, fluss-km: 4.95)",22.269545454545455,8.803500000000001,39.215
5815911,2000,2000 - 2009,03,"Tegelort (Havel, id: 5815911, fluss-km: 4.95)",22.964147465437787,8.846,42.31999999999999
5815911,2000,2000 - 2009,04,"Tegelort (Havel, id: 5815911, fluss-km: 4.95)",17.35890476190476,4.7935,43.75999999999998
5815911,2000,2000 - 2009,05,"Tegelort (Havel, id: 5815911, fluss-km: 4.95)",8.758571428571429,2.902,21.1
5815911,2000,2000 - 2009,06,"Tegelort (Havel, id: 5815911, fluss-km: 4.95)",6.806380952380953,2.008,26.519999999999992
5815911,2000,2000 - 2009,07,"Tegelort (Havel, id: 5815911, fluss-km: 4.95)",7.2623041474654375,1.6300000000000001,26.71999999999999
5815911,2000,2000 - 2009,08,"Tegelort (Havel, id: 5815911, fluss-km: 4.95)",5.881889400921659,1.236,17.399999999999988
5815911,2000,2000 - 2009,09,"Tegelort (Havel, id: 5815911, fluss-km: 4.95)",5.439190476190476,0.889,20.919999999999995
5815911,2000,2000 - 2009,10,"Tegelort (Havel, id: 5815911, fluss-km: 4.95)",6.686267281105991,1.692,20.85999999999999
5815911,2000,2000 - 2009,11,"Tegelort (Havel, id: 5815911, fluss-km: 4.95)",10.950142857142858,3.099,25.519999999999992
5815911,2000,2000 - 2009,12,"Tegelort (Havel, id: 5815911, fluss-km: 4.95)",15.616036866359448,6.086,31.559999999999977
5815911,2010,2010 - 2019,01,"Tegelort (Havel, id: 5815911, fluss-km: 4.95)",16.535032258064515,6.3605,32.665000000000006
5815911,2010,2010 - 2019,02,"Tegelort (Havel, id: 5815911, fluss-km: 4.95)",16.57482269503546,6.9715,35.05499999999999
5815911,2010,2010 - 2019,03,"Tegelort (Havel, id: 5815911, fluss-km: 4.95)",14.355774193548386,6.630500000000001,24.755000000000003
5815911,2010,2010 - 2019,04,"Tegelort (Havel, id: 5815911, fluss-km: 4.95)",11.429566666666666,3.7895000000000003,29.3
5815911,2010,2010 - 2019,05,"Tegelort (Havel, id: 5815911, fluss-km: 4.95)",6.5586548387096775,1.2730000000000006,17.355
5815911,2010,2010 - 2019,06,"Tegelort (Havel, id: 5815911, fluss-km: 4.95)",4.75106,0.99425,14.220000000000004
5815911,2010,2010 - 2019,07,"Tegelort (Havel, id: 5815911, fluss-km: 4.95)",5.8891064516129035,1.1805,19.655
5815911,2010,2010 - 2019,08,"Tegelort (Havel, id: 5815911, fluss-km: 4.95)",6.9637032258064515,0.8287,28.24000000000001
5815911,2010,2010 - 2019,09,"Tegelort (Havel, id: 5815911, fluss-km: 4.95)",5.611496666666667,0.64085,18.120000000000005
5815911,2010,2010 - 2019,10,"Tegelort (Havel, id: 5815911, fluss-km: 4.95)",7.166345161290322,1.189,14.5
5815911,2010,2010 - 2019,11,"Tegelort (Havel, id: 5815911, fluss-km: 4.95)",10.213,3.553,22.915000000000003
5815911,2010,2010 - 2019,12,"Tegelort (Havel, id: 5815911, fluss-km: 4.95)",13.662,4.2695,27.5
5815911,2020,2020 - 2029,01,"Tegelort (Havel, id: 5815911, fluss-km: 4.95)",13.433064516129033,8.308,19.095000000000002
5815911,2020,2020 - 2029,02,"Tegelort (Havel, id: 5815911, fluss-km: 4.95)",16.586140350877194,8.384,21.979999999999993
5815911,2020,2020 - 2029,03,"Tegelort (Havel, id: 5815911, fluss-km: 4.95)",15.886935483870968,10.3,21.1
5815911,2020,2020 - 2029,04,"Tegelort (Havel, id: 5815911, fluss-km: 4.95)",8.608333333333334,3.8885,13.204999999999998
5815911,2020,2020 - 2029,05,"Tegelort (Havel, id: 5815911, fluss-km: 4.95)",8.242678571428572,2.02,16.375
5815911,2020,2020 - 2029,06,"Tegelort (Havel, id: 5815911, fluss-km: 4.95)",3.1126666666666667,0.897,5.187499999999998
5815911,2020,2020 - 2029,07,"Tegelort (Havel, id: 5815911, fluss-km: 4.95)",3.075483870967742,2.195,3.965
5815911,2020,2020 - 2029,08,"Tegelort (Havel, id: 5815911, fluss-km: 4.95)",4.01741935483871,3.185,5.16
5815911,2020,2020 - 2029,09,"Tegelort (Havel, id: 5815911, fluss-km: 4.95)",5.053333333333334,4.0735,6.098999999999999
5815911,2020,2020 - 2029,10,"Tegelort (Havel, id: 5815911, fluss-km: 4.95)",5.469677419354839,3.96,7.46
5815911,2020,2020 - 2029,11,"Tegelort (Havel, id: 5815911, fluss-km: 4.95)",6.460333333333334,4.8185,8.439999999999998
5815911,2020,2020 - 2029,12,"Tegelort (Havel, id: 5815911, fluss-km: 4.95)",8.873870967741935,3.5300000000000002,15.399999999999999
5826701,2010,2010 - 2019,01,"Neue Fahlenbergbrücke (Gosener Kanal, id: 5826701, fluss-km: 1.00)",9.659193548387098,6.64,12.3
5826701,2010,2010 - 2019,02,"Neue Fahlenbergbrücke (Gosener Kanal, id: 5826701, fluss-km: 1.00)",9.805443786982249,8.104,12.419999999999998
5826701,2010,2010 - 2019,03,"Neue Fahlenbergbrücke (Gosener Kanal, id: 5826701, fluss-km: 1.00)",9.445322580645161,7.9175,11.1
5826701,2010,2010 - 2019,04,"Neue Fahlenbergbrücke (Gosener Kanal, id: 5826701, fluss-km: 1.00)",9.114777777777778,6.7555,10.9
5826701,2010,2010 - 2019,05,"Neue Fahlenbergbrücke (Gosener Kanal, id: 5826701, fluss-km: 1.00)",7.116344086021505,4.210000000000001,10.3
5826701,2010,2010 - 2019,06,"Neue Fahlenbergbrücke (Gosener Kanal, id: 5826701, fluss-km: 1.00)",5.207190476190476,2.55,7.767499999999999
5826701,2010,2010 - 2019,07,"Neue Fahlenbergbrücke (Gosener Kanal, id: 5826701, fluss-km: 1.00)",5.173041474654378,1.966,8.13
5826701,2010,2010 - 2019,08,"Neue Fahlenbergbrücke (Gosener Kanal, id: 5826701, fluss-km: 1.00)",5.245852534562212,1.538,9.105999999999998
5826701,2010,2010 - 2019,09,"Neue Fahlenbergbrücke (Gosener Kanal, id: 5826701, fluss-km: 1.00)",5.726285714285714,2.1879999999999997,8.768999999999997
5826701,2010,2010 - 2019,10,"Neue Fahlenbergbrücke (Gosener Kanal, id: 5826701, fluss-km: 1.00)",7.668634146341463,5.601999999999999,10
5826701,2010,2010 - 2019,11,"Neue Fahlenbergbrücke (Gosener Kanal, id: 5826701, fluss-km: 1.00)",8.719182692307692,6.63,10.764999999999999
5826701,2010,2010 - 2019,12,"Neue Fahlenbergbrücke (Gosener Kanal, id: 5826701, fluss-km: 1.00)",9.489400921658985,7.324,11.459999999999997
5826701,2020,2020 - 2029,01,"Neue Fahlenbergbrücke (Gosener Kanal, id: 5826701, fluss-km: 1.00)",9.139462365591397,7.532,10.639999999999999
5826701,2020,2020 - 2029,02,"Neue Fahlenbergbrücke (Gosener Kanal, id: 5826701, fluss-km: 1.00)",9.354117647058823,7.738,10.280000000000001
5826701,2020,2020 - 2029,03,"Neue Fahlenbergbrücke (Gosener Kanal, id: 5826701, fluss-km: 1.00)",8.180430107526881,6.506,10.34
5826701,2020,2020 - 2029,04,"Neue Fahlenbergbrücke (Gosener Kanal, id: 5826701, fluss-km: 1.00)",7.721666666666667,5.9415,9.6
5826701,2020,2020 - 2029,05,"Neue Fahlenbergbrücke (Gosener Kanal, id: 5826701, fluss-km: 1.00)",6.610860215053764,4.564,8.868
5826701,2020,2020 - 2029,06,"Neue Fahlenbergbrücke (Gosener Kanal, id: 5826701, fluss-km: 1.00)",4.736555555555555,2.6205,7.498499999999999
5826701,2020,2020 - 2029,07,"Neue Fahlenbergbrücke (Gosener Kanal, id: 5826701, fluss-km: 1.00)",4.493225806451613,2.496,6.4399999999999995
5826701,2020,2020 - 2029,08,"Neue Fahlenbergbrücke (Gosener Kanal, id: 5826701, fluss-km: 1.00)",3.9054838709677417,1.9100000000000001,7.405999999999999
5826701,2020,2020 - 2029,09,"Neue Fahlenbergbrücke (Gosener Kanal, id: 5826701, fluss-km: 1.00)",6.6622352941176475,4.114,8.826
5826701,2020,2020 - 2029,10,"Neue Fahlenbergbrücke (Gosener Kanal, id: 5826701, fluss-km: 1.00)",8.24725806451613,6.1025,10.1
5826701,2020,2020 - 2029,11,"Neue Fahlenbergbrücke (Gosener Kanal, id: 5826701, fluss-km: 1.00)",8.936833333333333,7.0195,10.5
5826701,2020,2020 - 2029,12,"Neue Fahlenbergbrücke (Gosener Kanal, id: 5826701, fluss-km: 1.00)",8.604032258064516,6.8965000000000005,9.926499999999999
5827101,2010,2010 - 2019,01,"Fähre Rahnsdorf (Müggelspree, id: 5827101, fluss-km: 8.51)",6.136344086021506,4.516,7.714
5827101,2010,2010 - 2019,02,"Fähre Rahnsdorf (Müggelspree, id: 5827101, fluss-km: 8.51)",5.645357142857143,4.6690000000000005,7.974499999999999
5827101,2010,2010 - 2019,03,"Fähre Rahnsdorf (Müggelspree, id: 5827101, fluss-km: 8.51)",5.990752688172043,4.454,8.089999999999996
5827101,2010,2010 - 2019,04,"Fähre Rahnsdorf (Müggelspree, id: 5827101, fluss-km: 8.51)",4.868348623853211,3.334,6.223999999999999
5827101,2010,2010 - 2019,05,"Fähre Rahnsdorf (Müggelspree, id: 5827101, fluss-km: 8.51)",3.2145967741935486,1.593,4.9825
5827101,2010,2010 - 2019,06,"Fähre Rahnsdorf (Müggelspree, id: 5827101, fluss-km: 8.51)",1.47405,0.3547,3.1109999999999998
5827101,2010,2010 - 2019,07,"Fähre Rahnsdorf (Müggelspree, id: 5827101, fluss-km: 8.51)",1.6294354838709677,0.12065000000000002,4.262
5827101,2010,2010 - 2019,08,"Fähre Rahnsdorf (Müggelspree, id: 5827101, fluss-km: 8.51)",2.070483870967742,0.28935,4.422499999999999
5827101,2010,2010 - 2019,09,"Fähre Rahnsdorf (Müggelspree, id: 5827101, fluss-km: 8.51)",1.9746083333333333,0.43795,3.9315
5827101,2010,2010 - 2019,10,"Fähre Rahnsdorf (Müggelspree, id: 5827101, fluss-km: 8.51)",2.994274193548387,0.8269000000000001,5.117
5827101,2010,2010 - 2019,11,"Fähre Rahnsdorf (Müggelspree, id: 5827101, fluss-km: 8.51)",4.0335,2.049,6.744
5827101,2010,2010 - 2019,12,"Fähre Rahnsdorf (Müggelspree, id: 5827101, fluss-km: 8.51)",4.916612903225807,3.082,6.947499999999999
5827101,2020,2020 - 2029,01,"Fähre Rahnsdorf (Müggelspree, id: 5827101, fluss-km: 8.51)",4.8640860215053765,3.814,6.1259999999999994
5827101,2020,2020 - 2029,02,"Fähre Rahnsdorf (Müggelspree, id: 5827101, fluss-km: 8.51)",5.609058823529412,4.144,7.17
5827101,2020,2020 - 2029,03,"Fähre Rahnsdorf (Müggelspree, id: 5827101, fluss-km: 8.51)",4.902258064516129,3.528,6.401999999999999
5827101,2020,2020 - 2029,04,"Fähre Rahnsdorf (Müggelspree, id: 5827101, fluss-km: 8.51)",3.8913333333333333,2.2345,5.458499999999999
5827101,2020,2020 - 2029,05,"Fähre Rahnsdorf (Müggelspree, id: 5827101, fluss-km: 8.51)",3.3016129032258066,1.686,5.229999999999999
5827101,2020,2020 - 2029,06,"Fähre Rahnsdorf (Müggelspree, id: 5827101, fluss-km: 8.51)",1.7579888888888888,0.593,3.4764999999999997
5827101,2020,2020 - 2029,07,"Fähre Rahnsdorf (Müggelspree, id: 5827101, fluss-km: 8.51)",1.2982903225806453,0.2976,2.8359999999999994
5827101,2020,2020 - 2029,08,"Fähre Rahnsdorf (Müggelspree, id: 5827101, fluss-km: 8.51)",1.305731182795699,0.30800000000000005,3.151999999999998
5827101,2020,2020 - 2029,09,"Fähre Rahnsdorf (Müggelspree, id: 5827101, fluss-km: 8.51)",2.0021176470588236,0.656,3.7379999999999995
5827101,2020,2020 - 2029,10,"Fähre Rahnsdorf (Müggelspree, id: 5827101, fluss-km: 8.51)",2.8238709677419354,1.7335,3.8695
5827101,2020,2020 - 2029,11,"Fähre Rahnsdorf (Müggelspree, id: 5827101, fluss-km: 8.51)",3.3235,1.6989999999999998,5.6635
5827101,2020,2020 - 2029,12,"Fähre Rahnsdorf (Müggelspree, id: 5827101, fluss-km: 8.51)",4.06241935483871,2.671,5.3865
5827103,2000,2000 - 2009,01,"Allendestraße (Müggelspree, id: 5827103, fluss-km: 35.00)",12.315483870967743,8.376,18.379999999999995
5827103,2000,2000 - 2009,02,"Allendestraße (Müggelspree, id: 5827103, fluss-km: 35.00)",12.673294117647059,9.638,16.08
5827103,2000,2000 - 2009,03,"Allendestraße (Müggelspree, id: 5827103, fluss-km: 35.00)",14.124516129032259,9.394,19.54
5827103,2000,2000 - 2009,04,"Allendestraße (Müggelspree, id: 5827103, fluss-km: 35.00)",13.497833333333334,7.1405,19.615000000000002
5827103,2000,2000 - 2009,05,"Allendestraße (Müggelspree, id: 5827103, fluss-km: 35.00)",9.650403225806452,5.391,13.1
5827103,2000,2000 - 2009,06,"Allendestraße (Müggelspree, id: 5827103, fluss-km: 35.00)",7.0575833333333335,-1.1105,11.714999999999998
5827103,2000,2000 - 2009,07,"Allendestraße (Müggelspree, id: 5827103, fluss-km: 35.00)",6.608548387096774,-2.411,14.634999999999994
5827103,2000,2000 - 2009,08,"Allendestraße (Müggelspree, id: 5827103, fluss-km: 35.00)",6.4375,0.18200000000000005,10.939999999999998
5827103,2000,2000 - 2009,09,"Allendestraße (Müggelspree, id: 5827103, fluss-km: 35.00)",8.769083333333333,5.1885,11.605
5827103,2000,2000 - 2009,10,"Allendestraße (Müggelspree, id: 5827103, fluss-km: 35.00)",9.380967741935484,6.477,14.439999999999998
5827103,2000,2000 - 2009,11,"Allendestraße (Müggelspree, id: 5827103, fluss-km: 35.00)",11.666916666666667,8.568000000000001,16.110000000000003
5827103,2000,2000 - 2009,12,"Allendestraße (Müggelspree, id: 5827103, fluss-km: 35.00)",11.735403225806452,8.2715,14.985
5827103,2010,2010 - 2019,01,"Allendestraße (Müggelspree, id: 5827103, fluss-km: 35.00)",11.551935483870968,5.6625,27.6
5827103,2010,2010 - 2019,02,"Allendestraße (Müggelspree, id: 5827103, fluss-km: 35.00)",9.806631205673758,4.9110000000000005,16.1
5827103,2010,2010 - 2019,03,"Allendestraße (Müggelspree, id: 5827103, fluss-km: 35.00)",10.009548387096775,5.7195,18.165000000000006
5827103,2010,2010 - 2019,04,"Allendestraße (Müggelspree, id: 5827103, fluss-km: 35.00)",9.003779264214046,4.666,14.02999999999999
5827103,2010,2010 - 2019,05,"Allendestraße (Müggelspree, id: 5827103, fluss-km: 35.00)",7.691548387096774,2.6925,12.5
5827103,2010,2010 - 2019,06,"Allendestraße (Müggelspree, id: 5827103, fluss-km: 35.00)",7.352241379310345,1.609,12.755
5827103,2010,2010 - 2019,07,"Allendestraße (Müggelspree, id: 5827103, fluss-km: 35.00)",7.161049180327868,-0.8279999999999998,12.3
5827103,2010,2010 - 2019,08,"Allendestraße (Müggelspree, id: 5827103, fluss-km: 35.00)",7.518258064516129,0.31700000000000017,14.455000000000002
5827103,2010,2010 - 2019,09,"Allendestraße (Müggelspree, id: 5827103, fluss-km: 35.00)",6.976923076923077,-1.53,15.619999999999994
5827103,2010,2010 - 2019,10,"Allendestraße (Müggelspree, id: 5827103, fluss-km: 35.00)",8.039741935483871,3.0980000000000003,19.3
5827103,2010,2010 - 2019,11,"Allendestraße (Müggelspree, id: 5827103, fluss-km: 35.00)",8.6518,3.497,20.01
5827103,2010,2010 - 2019,12,"Allendestraße (Müggelspree, id: 5827103, fluss-km: 35.00)",9.727830508474577,4.227,23.420000000000005
5827103,2020,2020 - 2029,01,"Allendestraße (Müggelspree, id: 5827103, fluss-km: 35.00)",6.113440860215054,3.8520000000000003,9.485999999999997
5827103,2020,2020 - 2029,02,"Allendestraße (Müggelspree, id: 5827103, fluss-km: 35.00)",7.104,4.278,11.459999999999999
5827103,2020,2020 - 2029,03,"Allendestraße (Müggelspree, id: 5827103, fluss-km: 35.00)",6.033655913978495,3.05,10.021999999999998
5827103,2020,2020 - 2029,04,"Allendestraße (Müggelspree, id: 5827103, fluss-km: 35.00)",4.9221111111111115,2.129,8.578999999999999
5827103,2020,2020 - 2029,05,"Allendestraße (Müggelspree, id: 5827103, fluss-km: 35.00)",3.904920634920635,0.853,8.327
5827103,2020,2020 - 2029,06,"Allendestraße (Müggelspree, id: 5827103, fluss-km: 35.00)",2.647,-0.21399999999999986,5.31
5827103,2020,2020 - 2029,07,"Allendestraße (Müggelspree, id: 5827103, fluss-km: 35.00)",1.3803225806451613,-2.2724999999999995,3.7794999999999996
5827103,2020,2020 - 2029,08,"Allendestraße (Müggelspree, id: 5827103, fluss-km: 35.00)",0.5048387096774194,-4.244,3.9934999999999996
5827103,2020,2020 - 2029,09,"Allendestraße (Müggelspree, id: 5827103, fluss-km: 35.00)",1.8038333333333334,-3.1595,4.469999999999999
5827103,2020,2020 - 2029,10,"Allendestraße (Müggelspree, id: 5827103, fluss-km: 35.00)",3.5474193548387096,0.36300000000000004,6.167499999999999
5827103,2020,2020 - 2029,11,"Allendestraße (Müggelspree, id: 5827103, fluss-km: 35.00)",5.0521666666666665,3.554,7.149499999999998
5827103,2020,2020 - 2029,12,"Allendestraße (Müggelspree, id: 5827103, fluss-km: 35.00)",5.064838709677419,3.8104999999999998,7.418999999999999
5827700,1970,1970 - 1979,01,"Sophienwerder (Spree, id: 5827700, fluss-km: 0.60)",50.810967741935485,16.445,119.55000000000001
5827700,1970,1970 - 1979,02,"Sophienwerder (Spree, id: 5827700, fluss-km: 0.60)",47.93120567375887,25.529999999999998,82.78
5827700,1970,1970 - 1979,03,"Sophienwerder (Spree, id: 5827700, fluss-km: 0.60)",48.86741935483871,27.845,112
5827700,1970,1970 - 1979,04,"Sophienwerder (Spree, id: 5827700, fluss-km: 0.60)",49.488,20.695,108
5827700,1970,1970 - 1979,05,"Sophienwerder (Spree, id: 5827700, fluss-km: 0.60)",37.62903225806452,18.7,73.33000000000001
5827700,1970,1970 - 1979,06,"Sophienwerder (Spree, id: 5827700, fluss-km: 0.60)",27.638,14.6,48.315000000000005
5827700,1970,1970 - 1979,07,"Sophienwerder (Spree, id: 5827700, fluss-km: 0.60)",21.392774193548387,10.545,37.71
5827700,1970,1970 - 1979,08,"Sophienwerder (Spree, id: 5827700, fluss-km: 0.60)",23.168709677419354,9.565000000000001,49.47500000000001
5827700,1970,1970 - 1979,09,"Sophienwerder (Spree, id: 5827700, fluss-km: 0.60)",25.136066666666668,10.195,55.71
5827700,1970,1970 - 1979,10,"Sophienwerder (Spree, id: 5827700, fluss-km: 0.60)",33.785161290322584,17.3,75.72
5827700,1970,1970 - 1979,11,"Sophienwerder (Spree, id: 5827700, fluss-km: 0.60)",43.291,20.384999999999998,78.2
5827700,1970,1970 - 1979,12,"Sophienwerder (Spree, id: 5827700, fluss-km: 0.60)",49.583225806451615,16.745,96.755
5827700,1980,1980 - 1989,01,"Sophienwerder (Spree, id: 5827700, fluss-km: 0.60)",64.5958064516129,34.845,110.55000000000001
5827700,1980,1980 - 1989,02,"Sophienwerder (Spree, id: 5827700, fluss-km: 0.60)",69.20424028268552,33.6,115.59999999999991
5827700,1980,1980 - 1989,03,"Sophienwerder (Spree, id: 5827700, fluss-km: 0.60)",65.73870967741935,27.29,116.55000000000001
5827700,1980,1980 - 1989,04,"Sophienwerder (Spree, id: 5827700, fluss-km: 0.60)",59.090633333333336,19.69,103
5827700,1980,1980 - 1989,05,"Sophienwerder (Spree, id: 5827700, fluss-km: 0.60)",40.795645161290324,13.225000000000001,72.2
5827700,1980,1980 - 1989,06,"Sophienwerder (Spree, id: 5827700, fluss-km: 0.60)",33.208,14.795000000000002,67.5
5827700,1980,1980 - 1989,07,"Sophienwerder (Spree, id: 5827700, fluss-km: 0.60)",26.389096774193547,12.3,59.81
5827700,1980,1980 - 1989,08,"Sophienwerder (Spree, id: 5827700, fluss-km: 0.60)",30.434677419354838,11.8,79.11000000000001
5827700,1980,1980 - 1989,09,"Sophienwerder (Spree, id: 5827700, fluss-km: 0.60)",28.095133333333333,12.690000000000001,46.905
5827700,1980,1980 - 1989,10,"Sophienwerder (Spree, id: 5827700, fluss-km: 0.60)",34.18354838709677,16.8,66.7
5827700,1980,1980 - 1989,11,"Sophienwerder (Spree, id: 5827700, fluss-km: 0.60)",41.91733333333333,22.2,87.22500000000001
5827700,1980,1980 - 1989,12,"Sophienwerder (Spree, id: 5827700, fluss-km: 0.60)",51.00451612903226,27.57,95.81500000000001
5827700,1990,1990 - 1999,01,"Sophienwerder (Spree, id: 5827700, fluss-km: 0.60)",37.234032258064516,12.790000000000001,79.21
5827700,1990,1990 - 1999,02,"Sophienwerder (Spree, id: 5827700, fluss-km: 0.60)",38.32535460992908,16.915,77.88499999999999
5827700,1990,1990 - 1999,03,"Sophienwerder (Spree, id: 5827700, fluss-km: 0.60)",39.04677419354839,17.545,79.72500000000002
5827700,1990,1990 - 1999,04,"Sophienwerder (Spree, id: 5827700, fluss-km: 0.60)",35.8788,14.095,97.42
5827700,1990,1990 - 1999,05,"Sophienwerder (Spree, id: 5827700, fluss-km: 0.60)",23.537967741935482,6.509,52
5827700,1990,1990 - 1999,06,"Sophienwerder (Spree, id: 5827700, fluss-km: 0.60)",20.746733333333335,6.058,60.59500000000002
5827700,1990,1990 - 1999,07,"Sophienwerder (Spree, id: 5827700, fluss-km: 0.60)",17.20364516129032,5.0605,38.955
5827700,1990,1990 - 1999,08,"Sophienwerder (Spree, id: 5827700, fluss-km: 0.60)",12.723645161290323,5.187,23.155
5827700,1990,1990 - 1999,09,"Sophienwerder (Spree, id: 5827700, fluss-km: 0.60)",19.086166666666667,5.359,36.94000000000001
5827700,1990,1990 - 1999,10,"Sophienwerder (Spree, id: 5827700, fluss-km: 0.60)",20.34564516129032,6.593,30.085000000000008
5827700,1990,1990 - 1999,11,"Sophienwerder (Spree, id: 5827700, fluss-km: 0.60)",27.2278,15.2,48.8
5827700,1990,1990 - 1999,12,"Sophienwerder (Spree, id: 5827700, fluss-km: 0.60)",32.23625806451613,16.490000000000002,58.11000000000003
5827700,2000,2000 - 2009,01,"Sophienwerder (Spree, id: 5827700, fluss-km: 0.60)",35.87741935483871,17.7,78.485
5827700,2000,2000 - 2009,02,"Sophienwerder (Spree, id: 5827700, fluss-km: 0.60)",42.642402826855125,21.13,65.73999999999998
5827700,2000,2000 - 2009,03,"Sophienwerder (Spree, id: 5827700, fluss-km: 0.60)",44.509354838709676,22.29,75.6
5827700,2000,2000 - 2009,04,"Sophienwerder (Spree, id: 5827700, fluss-km: 0.60)",35.591366666666666,11.285,77.315
5827700,2000,2000 - 2009,05,"Sophienwerder (Spree, id: 5827700, fluss-km: 0.60)",17.67925806451613,8.146999999999998,32.765
5827700,2000,2000 - 2009,06,"Sophienwerder (Spree, id: 5827700, fluss-km: 0.60)",11.694466666666667,6.2090000000000005,23.01
5827700,2000,2000 - 2009,07,"Sophienwerder (Spree, id: 5827700, fluss-km: 0.60)",13.565967741935484,5.689,28.310000000000002
5827700,2000,2000 - 2009,08,"Sophienwerder (Spree, id: 5827700, fluss-km: 0.60)",15.669741935483872,5.6725,36.855
5827700,2000,2000 - 2009,09,"Sophienwerder (Spree, id: 5827700, fluss-km: 0.60)",15.014366666666668,6.4695,34.750000000000014
5827700,2000,2000 - 2009,10,"Sophienwerder (Spree, id: 5827700, fluss-km: 0.60)",20.759709677419355,9.129,44.31
5827700,2000,2000 - 2009,11,"Sophienwerder (Spree, id: 5827700, fluss-km: 0.60)",27.9734,13.080000000000002,60.11000000000003
5827700,2000,2000 - 2009,12,"Sophienwerder (Spree, id: 5827700, fluss-km: 0.60)",29.510322580645163,15.225000000000001,47.46000000000001
5827700,2010,2010 - 2019,01,"Sophienwerder (Spree, id: 5827700, fluss-km: 0.60)",49.62064516129032,21.025000000000002,114.55000000000001
5827700,2010,2010 - 2019,02,"Sophienwerder (Spree, id: 5827700, fluss-km: 0.60)",45.91276595744681,23.005,100.73999999999994
5827700,2010,2010 - 2019,03,"Sophienwerder (Spree, id: 5827700, fluss-km: 0.60)",42.45767741935484,19.445,72.78000000000003
5827700,2010,2010 - 2019,04,"Sophienwerder (Spree, id: 5827700, fluss-km: 0.60)",32.02536666666666,12.3,55.505
5827700,2010,2010 - 2019,05,"Sophienwerder (Spree, id: 5827700, fluss-km: 0.60)",20.470709677419354,9.0945,36.31
5827700,2010,2010 - 2019,06,"Sophienwerder (Spree, id: 5827700, fluss-km: 0.60)",22.186700000000002,7.916499999999999,76.105
5827700,2010,2010 - 2019,07,"Sophienwerder (Spree, id: 5827700, fluss-km: 0.60)",22.84483870967742,7.89,64.34000000000002
5827700,2010,2010 - 2019,08,"Sophienwerder (Spree, id: 5827700, fluss-km: 0.60)",23.899193548387096,6.307,74.275
5827700,2010,2010 - 2019,09,"Sophienwerder (Spree, id: 5827700, fluss-km: 0.60)",23.472733333333334,6.1594999999999995,62.93500000000001
5827700,2010,2010 - 2019,10,"Sophienwerder (Spree, id: 5827700, fluss-km: 0.60)",29.363419354838708,9.39,79.95500000000001
5827700,2010,2010 - 2019,11,"Sophienwerder (Spree, id: 5827700, fluss-km: 0.60)",32.98116666666667,10.99,80.24500000000003
5827700,2010,2010 - 2019,12,"Sophienwerder (Spree, id: 5827700, fluss-km: 0.60)",39.271967741935484,15.89,92.02000000000001
5827700,2020,2020 - 2029,01,"Sophienwerder (Spree, id: 5827700, fluss-km: 0.60)",27.698924731182796,16.880000000000003,40.03999999999999
5827700,2020,2020 - 2029,02,"Sophienwerder (Spree, id: 5827700, fluss-km: 0.60)",37.82823529411765,26.36,53.44
5827700,2020,2020 - 2029,03,"Sophienwerder (Spree, id: 5827700, fluss-km: 0.60)",27.74516129032258,15.16,44.16
5827700,2020,2020 - 2029,04,"Sophienwerder (Spree, id: 5827700, fluss-km: 0.60)",17.88577777777778,5.9925,27.304999999999996
5827700,2020,2020 - 2029,05,"Sophienwerder (Spree, id: 5827700, fluss-km: 0.60)",14.446774193548388,7.266,27.63999999999999
5827700,2020,2020 - 2029,06,"Sophienwerder (Spree, id: 5827700, fluss-km: 0.60)",11.183,7.5,16.459999999999997
5827700,2020,2020 - 2029,07,"Sophienwerder (Spree, id: 5827700, fluss-km: 0.60)",10.986236559139785,7.11,18.779999999999998
5827700,2020,2020 - 2029,08,"Sophienwerder (Spree, id: 5827700, fluss-km: 0.60)",9.938924731182796,6.6259999999999994,22.97999999999999
5827700,2020,2020 - 2029,09,"Sophienwerder (Spree, id: 5827700, fluss-km: 0.60)",11.413882352941176,4.084,24.080000000000002
5827700,2020,2020 - 2029,10,"Sophienwerder (Spree, id: 5827700, fluss-km: 0.60)",12.581129032258065,3.9675000000000002,24.224999999999984
5827700,2020,2020 - 2029,11,"Sophienwerder (Spree, id: 5827700, fluss-km: 0.60)",23.433333333333334,12.7,34.70499999999999
5827700,2020,2020 - 2029,12,"Sophienwerder (Spree, id: 5827700, fluss-km: 0.60)",19.84032258064516,13.11,23.7
5861200,2000,2000 - 2009,01,"Wiesengrund (Neuenhagener Mühlenfließ, id: 5861200, fluss-km: 3.00)",0.9194354838709677,0.63,1.4689999999999985
5861200,2000,2000 - 2009,02,"Wiesengrund (Neuenhagener Mühlenfließ, id: 5861200, fluss-km: 3.00)",0.9761061946902655,0.63,1.405
5861200,2000,2000 - 2009,03,"Wiesengrund (Neuenhagener Mühlenfließ, id: 5861200, fluss-km: 3.00)",0.9461290322580646,0.6034999999999999,1.31
5861200,2000,2000 - 2009,04,"Wiesengrund (Neuenhagener Mühlenfließ, id: 5861200, fluss-km: 3.00)",0.9356666666666666,0.61,1.4039999999999986
5861200,2000,2000 - 2009,05,"Wiesengrund (Neuenhagener Mühlenfließ, id: 5861200, fluss-km: 3.00)",1.456774193548387,0.54,3.175999999999999
5861200,2000,2000 - 2009,06,"Wiesengrund (Neuenhagener Mühlenfließ, id: 5861200, fluss-km: 3.00)",1.2883333333333333,0.44,2.5419999999999994
5861200,2000,2000 - 2009,07,"Wiesengrund (Neuenhagener Mühlenfließ, id: 5861200, fluss-km: 3.00)",1.1751209677419354,0.5035000000000001,2.268999999999999
5861200,2000,2000 - 2009,08,"Wiesengrund (Neuenhagener Mühlenfließ, id: 5861200, fluss-km: 3.00)",1.3846774193548388,0.3435,4.8195
5861200,2000,2000 - 2009,09,"Wiesengrund (Neuenhagener Mühlenfließ, id: 5861200, fluss-km: 3.00)",0.868375,0.37950000000000006,1.6
5861200,2000,2000 - 2009,10,"Wiesengrund (Neuenhagener Mühlenfließ, id: 5861200, fluss-km: 3.00)",0.6790725806451613,0.42,1.16
5861200,2000,2000 - 2009,11,"Wiesengrund (Neuenhagener Mühlenfließ, id: 5861200, fluss-km: 3.00)",0.8267037037037037,0.6145,1.1954999999999996
5861200,2000,2000 - 2009,12,"Wiesengrund (Neuenhagener Mühlenfließ, id: 5861200, fluss-km: 3.00)",0.8184587813620071,0.62,1.17
5861200,2010,2010 - 2019,01,"Wiesengrund (Neuenhagener Mühlenfließ, id: 5861200, fluss-km: 3.00)",0.9895322580645162,0.59,1.7555
5861200,2010,2010 - 2019,02,"Wiesengrund (Neuenhagener Mühlenfließ, id: 5861200, fluss-km: 3.00)",0.9475780141843971,0.57,1.5394999999999999
5861200,2010,2010 - 2019,03,"Wiesengrund (Neuenhagener Mühlenfließ, id: 5861200, fluss-km: 3.00)",0.9221290322580645,0.57,1.3
5861200,2010,2010 - 2019,04,"Wiesengrund (Neuenhagener Mühlenfließ, id: 5861200, fluss-km: 3.00)",0.8090333333333334,0.5695499999999999,1.1005
5861200,2010,2010 - 2019,05,"Wiesengrund (Neuenhagener Mühlenfließ, id: 5861200, fluss-km: 3.00)",0.9419129032258065,0.4827,2.0755
5861200,2010,2010 - 2019,06,"Wiesengrund (Neuenhagener Mühlenfließ, id: 5861200, fluss-km: 3.00)",1.27226,0.423,2.9925000000000006
5861200,2010,2010 - 2019,07,"Wiesengrund (Neuenhagener Mühlenfließ, id: 5861200, fluss-km: 3.00)",1.1388548387096775,0.3569,2.5655
5861200,2010,2010 - 2019,08,"Wiesengrund (Neuenhagener Mühlenfließ, id: 5861200, fluss-km: 3.00)",0.9874225806451613,0.3067,2.51
5861200,2010,2010 - 2019,09,"Wiesengrund (Neuenhagener Mühlenfließ, id: 5861200, fluss-km: 3.00)",0.92484,0.39,1.8
5861200,2010,2010 - 2019,10,"Wiesengrund (Neuenhagener Mühlenfließ, id: 5861200, fluss-km: 3.00)",0.8529354838709677,0.44780000000000003,1.8555000000000001
5861200,2010,2010 - 2019,11,"Wiesengrund (Neuenhagener Mühlenfließ, id: 5861200, fluss-km: 3.00)",0.76871,0.5095000000000001,1.4105
5861200,2010,2010 - 2019,12,"Wiesengrund (Neuenhagener Mühlenfließ, id: 5861200, fluss-km: 3.00)",0.8351354838709677,0.53,1.1465
5861200,2020,2020 - 2029,01,"Wiesengrund (Neuenhagener Mühlenfließ, id: 5861200, fluss-km: 3.00)",0.6168279569892473,0.5002,0.7178
5861200,2020,2020 - 2029,02,"Wiesengrund (Neuenhagener Mühlenfließ, id: 5861200, fluss-km: 3.00)",0.7161647058823529,0.6112,0.8805999999999999
5861200,2020,2020 - 2029,03,"Wiesengrund (Neuenhagener Mühlenfließ, id: 5861200, fluss-km: 3.00)",0.6437204301075269,0.5036,0.7883999999999995
5861200,2020,2020 - 2029,04,"Wiesengrund (Neuenhagener Mühlenfließ, id: 5861200, fluss-km: 3.00)",0.5377333333333333,0.39445,0.6475500000000001
5861200,2020,2020 - 2029,05,"Wiesengrund (Neuenhagener Mühlenfließ, id: 5861200, fluss-km: 3.00)",0.4936451612903226,0.32620000000000005,0.6443999999999999
5861200,2020,2020 - 2029,06,"Wiesengrund (Neuenhagener Mühlenfließ, id: 5861200, fluss-km: 3.00)",0.4565888888888889,0.32989999999999997,0.6614499999999999
5861200,2020,2020 - 2029,07,"Wiesengrund (Neuenhagener Mühlenfließ, id: 5861200, fluss-km: 3.00)",0.42694623655913977,0.2736,0.5923999999999998
5861200,2020,2020 - 2029,08,"Wiesengrund (Neuenhagener Mühlenfließ, id: 5861200, fluss-km: 3.00)",0.46846236559139787,0.29359999999999997,0.6555999999999997
5861200,2020,2020 - 2029,09,"Wiesengrund (Neuenhagener Mühlenfließ, id: 5861200, fluss-km: 3.00)",0.4803764705882353,0.2122,0.6936
5861200,2020,2020 - 2029,10,"Wiesengrund (Neuenhagener Mühlenfließ, id: 5861200, fluss-km: 3.00)",0.6318548387096774,0.5219,0.8344499999999999
5861200,2020,2020 - 2029,11,"Wiesengrund (Neuenhagener Mühlenfließ, id: 5861200, fluss-km: 3.00)",0.6193666666666666,0.35569999999999996,0.8329999999999999
5861200,2020,2020 - 2029,12,"Wiesengrund (Neuenhagener Mühlenfließ, id: 5861200, fluss-km: 3.00)",0.6242096774193548,0.5741999999999999,0.6776
5862811,2000,2000 - 2009,01,"Schmöckwitz US (Zeuthener See, id: 5862811, fluss-km: 11.20)",13.312387096774193,5.682,29.429999999999996
5862811,2000,2000 - 2009,02,"Schmöckwitz US (Zeuthener See, id: 5862811, fluss-km: 11.20)",17.91276595744681,8.78,34.5
5862811,2000,2000 - 2009,03,"Schmöckwitz US (Zeuthener See, id: 5862811, fluss-km: 11.20)",20.463225806451614,11.07,31.719999999999995
5862811,2000,2000 - 2009,04,"Schmöckwitz US (Zeuthener See, id: 5862811, fluss-km: 11.20)",15.908333333333333,4.0125,45.7
5862811,2000,2000 - 2009,05,"Schmöckwitz US (Zeuthener See, id: 5862811, fluss-km: 11.20)",6.019290322580646,1.8599999999999999,11.629999999999999
5862811,2000,2000 - 2009,06,"Schmöckwitz US (Zeuthener See, id: 5862811, fluss-km: 11.20)",4.574066666666667,0.419,10.70499999999998
5862811,2000,2000 - 2009,07,"Schmöckwitz US (Zeuthener See, id: 5862811, fluss-km: 11.20)",5.71283870967742,-1.0880000000000003,15.259999999999994
5862811,2000,2000 - 2009,08,"Schmöckwitz US (Zeuthener See, id: 5862811, fluss-km: 11.20)",6.502258064516129,-0.2360000000000001,20.159999999999997
5862811,2000,2000 - 2009,09,"Schmöckwitz US (Zeuthener See, id: 5862811, fluss-km: 11.20)",4.5226,0.4744999999999998,10.354999999999999
5862811,2000,2000 - 2009,10,"Schmöckwitz US (Zeuthener See, id: 5862811, fluss-km: 11.20)",7.93683870967742,3.161,16.029999999999998
5862811,2000,2000 - 2009,11,"Schmöckwitz US (Zeuthener See, id: 5862811, fluss-km: 11.20)",10.435666666666666,3.2325,20.839999999999986
5862811,2000,2000 - 2009,12,"Schmöckwitz US (Zeuthener See, id: 5862811, fluss-km: 11.20)",11.158129032258065,3.3409999999999997,20.19999999999998
5862811,2010,2010 - 2019,01,"Schmöckwitz US (Zeuthener See, id: 5862811, fluss-km: 11.20)",26.733870967741936,7.676000000000001,53.3
5862811,2010,2010 - 2019,02,"Schmöckwitz US (Zeuthener See, id: 5862811, fluss-km: 11.20)",23.984716312056737,10.405000000000001,48.489999999999995
5862811,2010,2010 - 2019,03,"Schmöckwitz US (Zeuthener See, id: 5862811, fluss-km: 11.20)",22.055903225806453,7.3615,43.465
5862811,2010,2010 - 2019,04,"Schmöckwitz US (Zeuthener See, id: 5862811, fluss-km: 11.20)",14.327333333333334,5.277500000000001,32.705000000000005
5862811,2010,2010 - 2019,05,"Schmöckwitz US (Zeuthener See, id: 5862811, fluss-km: 11.20)",8.082967741935484,2.059,16.210000000000004
5862811,2010,2010 - 2019,06,"Schmöckwitz US (Zeuthener See, id: 5862811, fluss-km: 11.20)",10.9618,0.3450000000000001,51.8
5862811,2010,2010 - 2019,07,"Schmöckwitz US (Zeuthener See, id: 5862811, fluss-km: 11.20)",10.495935483870968,0.94,37.97500000000001
5862811,2010,2010 - 2019,08,"Schmöckwitz US (Zeuthener See, id: 5862811, fluss-km: 11.20)",11.204354838709678,1.318,42.010000000000005
5862811,2010,2010 - 2019,09,"Schmöckwitz US (Zeuthener See, id: 5862811, fluss-km: 11.20)",10.660433333333334,1.448,34.510000000000005
5862811,2010,2010 - 2019,10,"Schmöckwitz US (Zeuthener See, id: 5862811, fluss-km: 11.20)",14.576322580645162,3.1035000000000004,48.5
5862811,2010,2010 - 2019,11,"Schmöckwitz US (Zeuthener See, id: 5862811, fluss-km: 11.20)",16.2716,4.6895,43.53500000000001
5862811,2010,2010 - 2019,12,"Schmöckwitz US (Zeuthener See, id: 5862811, fluss-km: 11.20)",19.518806451612903,5.0845,43.55500000000001
5862811,2020,2020 - 2029,01,"Schmöckwitz US (Zeuthener See, id: 5862811, fluss-km: 11.20)",10.451505376344086,5.630000000000001,18.55999999999999
5862811,2020,2020 - 2029,02,"Schmöckwitz US (Zeuthener See, id: 5862811, fluss-km: 11.20)",15.520235294117647,7.782000000000001,24.72
5862811,2020,2020 - 2029,03,"Schmöckwitz US (Zeuthener See, id: 5862811, fluss-km: 11.20)",11.171505376344086,5.836,17.64
5862811,2020,2020 - 2029,04,"Schmöckwitz US (Zeuthener See, id: 5862811, fluss-km: 11.20)",6.3773333333333335,3.282,10.319999999999999
5862811,2020,2020 - 2029,05,"Schmöckwitz US (Zeuthener See, id: 5862811, fluss-km: 11.20)",4.665913978494624,0.19400000000000012,7.937999999999995
5862811,2020,2020 - 2029,06,"Schmöckwitz US (Zeuthener See, id: 5862811, fluss-km: 11.20)",3.425222222222222,-1.2835,6.401999999999999
5862811,2020,2020 - 2029,07,"Schmöckwitz US (Zeuthener See, id: 5862811, fluss-km: 11.20)",3.3416129032258066,-1.646,8.029999999999998
5862811,2020,2020 - 2029,08,"Schmöckwitz US (Zeuthener See, id: 5862811, fluss-km: 11.20)",3.0180645161290323,-2.186,7.929999999999996
5862811,2020,2020 - 2029,09,"Schmöckwitz US (Zeuthener See, id: 5862811, fluss-km: 11.20)",4.3198823529411765,0.37800000000000006,8.154
5862811,2020,2020 - 2029,10,"Schmöckwitz US (Zeuthener See, id: 5862811, fluss-km: 11.20)",5.353064516129033,3.7405000000000004,9.013
5862811,2020,2020 - 2029,11,"Schmöckwitz US (Zeuthener See, id: 5862811, fluss-km: 11.20)",7.828333333333333,5.4595,13.424999999999999
5862811,2020,2020 - 2029,12,"Schmöckwitz US (Zeuthener See, id: 5862811, fluss-km: 11.20)",7.365166666666667,4.85,11.9
5864800,2000,2000 - 2009,01,"Wuhletal (Wuhle, id: 5864800, fluss-km: 8.04)",0.15896774193548388,0.047,0.48699999999999843
5864800,2000,2000 - 2009,02,"Wuhletal (Wuhle, id: 5864800, fluss-km: 8.04)",0.19957446808510637,0.05,0.49
5864800,2000,2000 - 2009,03,"Wuhletal (Wuhle, id: 5864800, fluss-km: 8.04)",0.1907741935483871,0.06,0.45599999999999963
5864800,2000,2000 - 2009,04,"Wuhletal (Wuhle, id: 5864800, fluss-km: 8.04)",0.15513333333333335,0.03,0.45
5864800,2000,2000 - 2009,05,"Wuhletal (Wuhle, id: 5864800, fluss-km: 8.04)",0.17503225806451614,0.02699999999999999,0.49599999999999966
5864800,2000,2000 - 2009,06,"Wuhletal (Wuhle, id: 5864800, fluss-km: 8.04)",0.10713333333333333,0.02,0.31549999999999984
5864800,2000,2000 - 2009,07,"Wuhletal (Wuhle, id: 5864800, fluss-km: 8.04)",0.13251612903225807,0.01,0.5439999999999986
5864800,2000,2000 - 2009,08,"Wuhletal (Wuhle, id: 5864800, fluss-km: 8.04)",0.11690322580645161,0.01,0.44599999999999795
5864800,2000,2000 - 2009,09,"Wuhletal (Wuhle, id: 5864800, fluss-km: 8.04)",0.0962,0.01,0.3664999999999995
5864800,2000,2000 - 2009,10,"Wuhletal (Wuhle, id: 5864800, fluss-km: 8.04)",0.08729032258064516,0,0.28
5864800,2000,2000 - 2009,11,"Wuhletal (Wuhle, id: 5864800, fluss-km: 8.04)",0.10766666666666666,0.03,0.3214999999999995
5864800,2000,2000 - 2009,12,"Wuhletal (Wuhle, id: 5864800, fluss-km: 8.04)",0.1067741935483871,0.02,0.2675
5864800,2010,2010 - 2019,01,"Wuhletal (Wuhle, id: 5864800, fluss-km: 8.04)",0.21449032258064515,0.035,0.56
5864800,2010,2010 - 2019,02,"Wuhletal (Wuhle, id: 5864800, fluss-km: 8.04)",0.1889113475177305,0.032,0.45
5864800,2010,2010 - 2019,03,"Wuhletal (Wuhle, id: 5864800, fluss-km: 8.04)",0.16606774193548388,0.04,0.3410000000000002
5864800,2010,2010 - 2019,04,"Wuhletal (Wuhle, id: 5864800, fluss-km: 8.04)",0.12799333333333335,0.028950000000000004,0.321
5864800,2010,2010 - 2019,05,"Wuhletal (Wuhle, id: 5864800, fluss-km: 8.04)",0.09591612903225806,0.013450000000000004,0.26
5864800,2010,2010 - 2019,06,"Wuhletal (Wuhle, id: 5864800, fluss-km: 8.04)",0.10533000000000001,0.01,0.37
5864800,2010,2010 - 2019,07,"Wuhletal (Wuhle, id: 5864800, fluss-km: 8.04)",0.1632225806451613,0.01,0.64055
5864800,2010,2010 - 2019,08,"Wuhletal (Wuhle, id: 5864800, fluss-km: 8.04)",0.10368709677419355,0,0.34
5864800,2010,2010 - 2019,09,"Wuhletal (Wuhle, id: 5864800, fluss-km: 8.04)",0.07185666666666667,0,0.2405000000000001
5864800,2010,2010 - 2019,10,"Wuhletal (Wuhle, id: 5864800, fluss-km: 8.04)",0.08314516129032258,0,0.301
5864800,2010,2010 - 2019,11,"Wuhletal (Wuhle, id: 5864800, fluss-km: 8.04)",0.09877666666666667,0,0.29085000000000016
5864800,2010,2010 - 2019,12,"Wuhletal (Wuhle, id: 5864800, fluss-km: 8.04)",0.12740645161290323,0.012450000000000003,0.3128000000000002
5864800,2020,2020 - 2029,01,"Wuhletal (Wuhle, id: 5864800, fluss-km: 8.04)",0.04978494623655914,0.01,0.14659999999999987
5864800,2020,2020 - 2029,02,"Wuhletal (Wuhle, id: 5864800, fluss-km: 8.04)",0.11067058823529412,0.019200000000000002,0.30959999999999993
5864800,2020,2020 - 2029,03,"Wuhletal (Wuhle, id: 5864800, fluss-km: 8.04)",0.0473010752688172,0.005600000000000001,0.15899999999999986
5864800,2020,2020 - 2029,04,"Wuhletal (Wuhle, id: 5864800, fluss-km: 8.04)",0.031322222222222224,0.007,0.09555
5864800,2020,2020 - 2029,05,"Wuhletal (Wuhle, id: 5864800, fluss-km: 8.04)",0.045913978494623656,0.005,0.1899999999999993
5864800,2020,2020 - 2029,06,"Wuhletal (Wuhle, id: 5864800, fluss-km: 8.04)",0.029633333333333334,0.003,0.13465
5864800,2020,2020 - 2029,07,"Wuhletal (Wuhle, id: 5864800, fluss-km: 8.04)",0.059655913978494624,0,0.21599999999999997
5864800,2020,2020 - 2029,08,"Wuhletal (Wuhle, id: 5864800, fluss-km: 8.04)",0.027333333333333334,0,0.13199999999999992
5864800,2020,2020 - 2029,09,"Wuhletal (Wuhle, id: 5864800, fluss-km: 8.04)",0.029176470588235293,0,0.09979999999999996
5864800,2020,2020 - 2029,10,"Wuhletal (Wuhle, id: 5864800, fluss-km: 8.04)",0.04082258064516129,0.012,0.1416499999999999
5864800,2020,2020 - 2029,11,"Wuhletal (Wuhle, id: 5864800, fluss-km: 8.04)",0.046483333333333335,0.008,0.19935
5864800,2020,2020 - 2029,12,"Wuhletal (Wuhle, id: 5864800, fluss-km: 8.04)",0.034193548387096775,0.007,0.13495
5864801,2010,2010 - 2019,01,"Am Kienberg (Hellersdorfer Graben, id: 5864801, fluss-km: 0.26)",0.042451612903225806,0.001,0.1372
5864801,2010,2010 - 2019,02,"Am Kienberg (Hellersdorfer Graben, id: 5864801, fluss-km: 0.26)",0.038226190476190476,0.001,0.111
5864801,2010,2010 - 2019,03,"Am Kienberg (Hellersdorfer Graben, id: 5864801, fluss-km: 0.26)",0.03760215053763441,0.002,0.1117999999999999
5864801,2010,2010 - 2019,04,"Am Kienberg (Hellersdorfer Graben, id: 5864801, fluss-km: 0.26)",0.03605940594059406,0.001,0.125
5864801,2010,2010 - 2019,05,"Am Kienberg (Hellersdorfer Graben, id: 5864801, fluss-km: 0.26)",0.015989247311827957,0.001,0.034799999999999984
5864801,2010,2010 - 2019,06,"Am Kienberg (Hellersdorfer Graben, id: 5864801, fluss-km: 0.26)",0.032744444444444444,0.001,0.14004999999999979
5864801,2010,2010 - 2019,07,"Am Kienberg (Hellersdorfer Graben, id: 5864801, fluss-km: 0.26)",0.04051724137931034,0.001,0.23490000000000016
5864801,2010,2010 - 2019,08,"Am Kienberg (Hellersdorfer Graben, id: 5864801, fluss-km: 0.26)",0.01593478260869565,0.001,0.09350000000000003
5864801,2010,2010 - 2019,09,"Am Kienberg (Hellersdorfer Graben, id: 5864801, fluss-km: 0.26)",0.011622222222222223,0.001,0.07284999999999998
5864801,2010,2010 - 2019,10,"Am Kienberg (Hellersdorfer Graben, id: 5864801, fluss-km: 0.26)",0.016876288659793813,0.001,0.07999999999999984
5864801,2010,2010 - 2019,11,"Am Kienberg (Hellersdorfer Graben, id: 5864801, fluss-km: 0.26)",0.0163,0.001,0.05534999999999998
5864801,2010,2010 - 2019,12,"Am Kienberg (Hellersdorfer Graben, id: 5864801, fluss-km: 0.26)",0.019596774193548386,0.001,0.06284999999999999
5864801,2020,2020 - 2029,01,"Am Kienberg (Hellersdorfer Graben, id: 5864801, fluss-km: 0.26)",0.017279569892473118,0.001,0.0624
5864801,2020,2020 - 2029,02,"Am Kienberg (Hellersdorfer Graben, id: 5864801, fluss-km: 0.26)",0.029294117647058825,0.004,0.10439999999999997
5864801,2020,2020 - 2029,03,"Am Kienberg (Hellersdorfer Graben, id: 5864801, fluss-km: 0.26)",0.01081720430107527,0.001,0.060799999999999854
5864801,2020,2020 - 2029,04,"Am Kienberg (Hellersdorfer Graben, id: 5864801, fluss-km: 0.26)",0.009366666666666667,0.001,0.039
5864801,2020,2020 - 2029,05,"Am Kienberg (Hellersdorfer Graben, id: 5864801, fluss-km: 0.26)",0.014698924731182795,0.001,0.05439999999999999
5864801,2020,2020 - 2029,06,"Am Kienberg (Hellersdorfer Graben, id: 5864801, fluss-km: 0.26)",0.0183,0.001,0.08184999999999998
5864801,2020,2020 - 2029,07,"Am Kienberg (Hellersdorfer Graben, id: 5864801, fluss-km: 0.26)",0.01756989247311828,0.001,0.07039999999999999
5864801,2020,2020 - 2029,08,"Am Kienberg (Hellersdorfer Graben, id: 5864801, fluss-km: 0.26)",0.017537634408602152,0.001,0.07239999999999991
5864801,2020,2020 - 2029,09,"Am Kienberg (Hellersdorfer Graben, id: 5864801, fluss-km: 0.26)",0.015188235294117646,0.001,0.06439999999999997
5864801,2020,2020 - 2029,10,"Am Kienberg (Hellersdorfer Graben, id: 5864801, fluss-km: 0.26)",0.015096774193548388,0.001,0.06354999999999997
5864801,2020,2020 - 2029,11,"Am Kienberg (Hellersdorfer Graben, id: 5864801, fluss-km: 0.26)",0.013433333333333334,0.001,0.04664999999999974
5864801,2020,2020 - 2029,12,"Am Kienberg (Hellersdorfer Graben, id: 5864801, fluss-km: 0.26)",0.012225806451612904,0.001,0.060249999999999936
5865300,2000,2000 - 2009,01,"Am Bahndamm (Wuhle, id: 5865300, fluss-km: 0.85)",0.47096774193548385,0.15,1.2639999999999998
5865300,2000,2000 - 2009,02,"Am Bahndamm (Wuhle, id: 5865300, fluss-km: 0.85)",0.4131313131313131,0.19,0.7714999999999997
5865300,2000,2000 - 2009,03,"Am Bahndamm (Wuhle, id: 5865300, fluss-km: 0.85)",0.37193548387096775,0.22,0.67
5865300,2000,2000 - 2009,04,"Am Bahndamm (Wuhle, id: 5865300, fluss-km: 0.85)",0.36004761904761906,0.21,0.7809999999999997
5865300,2000,2000 - 2009,05,"Am Bahndamm (Wuhle, id: 5865300, fluss-km: 0.85)",0.3473732718894009,0.218,0.6219999999999999
5865300,2000,2000 - 2009,06,"Am Bahndamm (Wuhle, id: 5865300, fluss-km: 0.85)",0.43470833333333336,0.18,1.5004999999999997
5865300,2000,2000 - 2009,07,"Am Bahndamm (Wuhle, id: 5865300, fluss-km: 0.85)",0.44693548387096776,0.18,1.4764999999999997
5865300,2000,2000 - 2009,08,"Am Bahndamm (Wuhle, id: 5865300, fluss-km: 0.85)",0.4590204081632653,0.16,1.5579999999999998
5865300,2000,2000 - 2009,09,"Am Bahndamm (Wuhle, id: 5865300, fluss-km: 0.85)",0.4098095238095238,0.13,1.3455
5865300,2000,2000 - 2009,10,"Am Bahndamm (Wuhle, id: 5865300, fluss-km: 0.85)",0.43311926605504586,0.11,1.5944999999999994
5865300,2000,2000 - 2009,11,"Am Bahndamm (Wuhle, id: 5865300, fluss-km: 0.85)",0.4275,0.13,1.5
5865300,2000,2000 - 2009,12,"Am Bahndamm (Wuhle, id: 5865300, fluss-km: 0.85)",0.44661290322580643,0.13,1.2859999999999991
5865300,2010,2010 - 2019,01,"Am Bahndamm (Wuhle, id: 5865300, fluss-km: 0.85)",0.4277774193548387,0.14545,0.94
5865300,2010,2010 - 2019,02,"Am Bahndamm (Wuhle, id: 5865300, fluss-km: 0.85)",0.38565248226950355,0.114,0.8189999999999997
5865300,2010,2010 - 2019,03,"Am Bahndamm (Wuhle, id: 5865300, fluss-km: 0.85)",0.36211290322580647,0.18,0.68
5865300,2010,2010 - 2019,04,"Am Bahndamm (Wuhle, id: 5865300, fluss-km: 0.85)",0.32604,0.145,0.56335
5865300,2010,2010 - 2019,05,"Am Bahndamm (Wuhle, id: 5865300, fluss-km: 0.85)",0.2741,0.1109,0.49
5865300,2010,2010 - 2019,06,"Am Bahndamm (Wuhle, id: 5865300, fluss-km: 0.85)",0.2634666666666667,0.12,0.58
5865300,2010,2010 - 2019,07,"Am Bahndamm (Wuhle, id: 5865300, fluss-km: 0.85)",0.32568709677419355,0.10370000000000001,0.8342000000000005
5865300,2010,2010 - 2019,08,"Am Bahndamm (Wuhle, id: 5865300, fluss-km: 0.85)",0.27485806451612904,0.09745000000000001,0.7015500000000001
5865300,2010,2010 - 2019,09,"Am Bahndamm (Wuhle, id: 5865300, fluss-km: 0.85)",0.21765666666666666,0.075,0.5405000000000002
5865300,2010,2010 - 2019,10,"Am Bahndamm (Wuhle, id: 5865300, fluss-km: 0.85)",0.22548709677419354,0.08445,0.43055
5865300,2010,2010 - 2019,11,"Am Bahndamm (Wuhle, id: 5865300, fluss-km: 0.85)",0.25239,0.10194999999999999,0.5210000000000002
5865300,2010,2010 - 2019,12,"Am Bahndamm (Wuhle, id: 5865300, fluss-km: 0.85)",0.29328387096774194,0.12545,0.54
5865300,2020,2020 - 2029,01,"Am Bahndamm (Wuhle, id: 5865300, fluss-km: 0.85)",0.1883010752688172,0.1132,0.30639999999999995
5865300,2020,2020 - 2029,02,"Am Bahndamm (Wuhle, id: 5865300, fluss-km: 0.85)",0.2687764705882353,0.146,0.4446
5865300,2020,2020 - 2029,03,"Am Bahndamm (Wuhle, id: 5865300, fluss-km: 0.85)",0.21167741935483872,0.14659999999999998,0.32419999999999993
5865300,2020,2020 - 2029,04,"Am Bahndamm (Wuhle, id: 5865300, fluss-km: 0.85)",0.18197777777777777,0.138,0.26915
5865300,2020,2020 - 2029,05,"Am Bahndamm (Wuhle, id: 5865300, fluss-km: 0.85)",0.18753763440860216,0.124,0.3391999999999999
5865300,2020,2020 - 2029,06,"Am Bahndamm (Wuhle, id: 5865300, fluss-km: 0.85)",0.1524111111111111,0.10815,0.21919999999999995
5865300,2020,2020 - 2029,07,"Am Bahndamm (Wuhle, id: 5865300, fluss-km: 0.85)",0.18249462365591398,0.0874,0.36819999999999986
5865300,2020,2020 - 2029,08,"Am Bahndamm (Wuhle, id: 5865300, fluss-km: 0.85)",0.13432258064516128,0.059399999999999994,0.2641999999999999
5865300,2020,2020 - 2029,09,"Am Bahndamm (Wuhle, id: 5865300, fluss-km: 0.85)",0.12470588235294118,0.0634,0.2188
5865300,2020,2020 - 2029,10,"Am Bahndamm (Wuhle, id: 5865300, fluss-km: 0.85)",0.11985483870967742,0.0763,0.20084999999999992
5865300,2020,2020 - 2029,11,"Am Bahndamm (Wuhle, id: 5865300, fluss-km: 0.85)",0.13726666666666668,0.07595,0.3437
5865300,2020,2020 - 2029,12,"Am Bahndamm (Wuhle, id: 5865300, fluss-km: 0.85)",0.1607258064516129,0.10715,0.26244999999999996
5866301,2000,2000 - 2009,01,"Zoo (Landwehrkanal, id: 5866301, fluss-km: 1.90)",3.848637992831541,1.4889999999999999,5.46
5866301,2000,2000 - 2009,02,"Zoo (Landwehrkanal, id: 5866301, fluss-km: 1.90)",4.055275590551181,1.276,5.5035
5866301,2000,2000 - 2009,03,"Zoo (Landwehrkanal, id: 5866301, fluss-km: 1.90)",3.881899641577061,1.364,5.340999999999999
5866301,2000,2000 - 2009,04,"Zoo (Landwehrkanal, id: 5866301, fluss-km: 1.90)",4.290333333333334,2.5935,5.996499999999999
5866301,2000,2000 - 2009,05,"Zoo (Landwehrkanal, id: 5866301, fluss-km: 1.90)",3.6017921146953404,1.5690000000000002,5.481
5866301,2000,2000 - 2009,06,"Zoo (Landwehrkanal, id: 5866301, fluss-km: 1.90)",2.6917407407407405,1.5545,4.230499999999996
5866301,2000,2000 - 2009,07,"Zoo (Landwehrkanal, id: 5866301, fluss-km: 1.90)",2.5161290322580645,1.309,3.6809999999999996
5866301,2000,2000 - 2009,08,"Zoo (Landwehrkanal, id: 5866301, fluss-km: 1.90)",2.2908243727598565,1.148,4.339999999999996
5866301,2000,2000 - 2009,09,"Zoo (Landwehrkanal, id: 5866301, fluss-km: 1.90)",2.3905925925925926,1.55,3.620999999999999
5866301,2000,2000 - 2009,10,"Zoo (Landwehrkanal, id: 5866301, fluss-km: 1.90)",2.8767741935483873,1.53,4.981999999999999
5866301,2000,2000 - 2009,11,"Zoo (Landwehrkanal, id: 5866301, fluss-km: 1.90)",3.0039666666666665,1.16,4.770499999999999
5866301,2000,2000 - 2009,12,"Zoo (Landwehrkanal, id: 5866301, fluss-km: 1.90)",3.393806451612903,1.2945000000000002,5.535500000000001
5866301,2010,2010 - 2019,01,"Zoo (Landwehrkanal, id: 5866301, fluss-km: 1.90)",2.5239354838709676,0.64,7.086500000000001
5866301,2010,2010 - 2019,02,"Zoo (Landwehrkanal, id: 5866301, fluss-km: 1.90)",2.3975531914893615,0.761,6.834499999999997
5866301,2010,2010 - 2019,03,"Zoo (Landwehrkanal, id: 5866301, fluss-km: 1.90)",2.7435161290322583,0.8180000000000001,5.3755
5866301,2010,2010 - 2019,04,"Zoo (Landwehrkanal, id: 5866301, fluss-km: 1.90)",3.0409333333333333,1.3,5.480500000000001
5866301,2010,2010 - 2019,05,"Zoo (Landwehrkanal, id: 5866301, fluss-km: 1.90)",2.826451612903226,1.319,4.6555
5866301,2010,2010 - 2019,06,"Zoo (Landwehrkanal, id: 5866301, fluss-km: 1.90)",2.5704827586206895,1.418,3.8655000000000004
5866301,2010,2010 - 2019,07,"Zoo (Landwehrkanal, id: 5866301, fluss-km: 1.90)",2.4643225806451614,1.1245,4.152
5866301,2010,2010 - 2019,08,"Zoo (Landwehrkanal, id: 5866301, fluss-km: 1.90)",2.580935483870968,1.31,4.5665000000000004
5866301,2010,2010 - 2019,09,"Zoo (Landwehrkanal, id: 5866301, fluss-km: 1.90)",2.4973578595317725,1.3190000000000002,4.25
5866301,2010,2010 - 2019,10,"Zoo (Landwehrkanal, id: 5866301, fluss-km: 1.90)",2.6302903225806453,1,4.902000000000001
5866301,2010,2010 - 2019,11,"Zoo (Landwehrkanal, id: 5866301, fluss-km: 1.90)",2.4800666666666666,0.83,4.941500000000001
5866301,2010,2010 - 2019,12,"Zoo (Landwehrkanal, id: 5866301, fluss-km: 1.90)",2.4979545454545455,0.79,4.7665
5866301,2020,2020 - 2029,01,"Zoo (Landwehrkanal, id: 5866301, fluss-km: 1.90)",1.986451612903226,1.49,3.6879999999999997
5866301,2020,2020 - 2029,02,"Zoo (Landwehrkanal, id: 5866301, fluss-km: 1.90)",2.24,1.502,3.702
5866301,2020,2020 - 2029,03,"Zoo (Landwehrkanal, id: 5866301, fluss-km: 1.90)",2.200215053763441,1.5,3.594
5866301,2020,2020 - 2029,04,"Zoo (Landwehrkanal, id: 5866301, fluss-km: 1.90)",2.2123333333333335,1.2389999999999999,3.6755000000000004
5866301,2020,2020 - 2029,05,"Zoo (Landwehrkanal, id: 5866301, fluss-km: 1.90)",2.2370967741935486,1.3,3.547999999999999
5866301,2020,2020 - 2029,06,"Zoo (Landwehrkanal, id: 5866301, fluss-km: 1.90)",2.094,1.108,3.35
5866301,2020,2020 - 2029,07,"Zoo (Landwehrkanal, id: 5866301, fluss-km: 1.90)",1.7717204301075269,1.342,2.9859999999999998
5866301,2020,2020 - 2029,08,"Zoo (Landwehrkanal, id: 5866301, fluss-km: 1.90)",1.6666666666666667,1.3719999999999999,2.1239999999999966
5866301,2020,2020 - 2029,09,"Zoo (Landwehrkanal, id: 5866301, fluss-km: 1.90)",1.7045882352941177,1.3760000000000001,2.1479999999999997
5866301,2020,2020 - 2029,10,"Zoo (Landwehrkanal, id: 5866301, fluss-km: 1.90)",1.5737096774193549,1.3205,1.8490000000000002
5866301,2020,2020 - 2029,11,"Zoo (Landwehrkanal, id: 5866301, fluss-km: 1.90)",1.6753333333333333,1.51,2.049999999999999
5866301,2020,2020 - 2029,12,"Zoo (Landwehrkanal, id: 5866301, fluss-km: 1.90)",1.5353225806451614,1.49,1.6075
5867401,2000,2000 - 2009,01,"Bürgerpark (Panke, id: 5867401, fluss-km: 4.27)",0.5693548387096774,0.23,1.4749999999999996
5867401,2000,2000 - 2009,02,"Bürgerpark (Panke, id: 5867401, fluss-km: 4.27)",0.5608771929824561,0.418,0.8859999999999999
5867401,2000,2000 - 2009,03,"Bürgerpark (Panke, id: 5867401, fluss-km: 4.27)",0.7682258064516129,0.6105,0.9595
5867401,2000,2000 - 2009,04,"Bürgerpark (Panke, id: 5867401, fluss-km: 4.27)",0.743,0.3695,1.3119999999999998
5867401,2000,2000 - 2009,05,"Bürgerpark (Panke, id: 5867401, fluss-km: 4.27)",0.6290322580645161,0.29,1.4629999999999976
5867401,2000,2000 - 2009,06,"Bürgerpark (Panke, id: 5867401, fluss-km: 4.27)",0.4745,0.2,0.8309999999999998
5867401,2000,2000 - 2009,07,"Bürgerpark (Panke, id: 5867401, fluss-km: 4.27)",0.28274193548387094,0.1205,0.8684999999999998
5867401,2000,2000 - 2009,08,"Bürgerpark (Panke, id: 5867401, fluss-km: 4.27)",0.14129032258064517,0.060500000000000005,0.24749999999999978
5867401,2000,2000 - 2009,09,"Bürgerpark (Panke, id: 5867401, fluss-km: 4.27)",0.1565,0.0895,0.32149999999999995
5867401,2000,2000 - 2009,10,"Bürgerpark (Panke, id: 5867401, fluss-km: 4.27)",0.28279569892473116,0.14,0.6379999999999999
5867401,2000,2000 - 2009,11,"Bürgerpark (Panke, id: 5867401, fluss-km: 4.27)",0.4468888888888889,0.2,0.9855
5867401,2000,2000 - 2009,12,"Bürgerpark (Panke, id: 5867401, fluss-km: 4.27)",0.460752688172043,0.24,0.8599999999999992
5867401,2010,2010 - 2019,01,"Bürgerpark (Panke, id: 5867401, fluss-km: 4.27)",1.0537096774193548,0.33,2
5867401,2010,2010 - 2019,02,"Bürgerpark (Panke, id: 5867401, fluss-km: 4.27)",0.9858510638297873,0.3205,1.8794999999999997
5867401,2010,2010 - 2019,03,"Bürgerpark (Panke, id: 5867401, fluss-km: 4.27)",0.9336451612903226,0.36,1.8255000000000001
5867401,2010,2010 - 2019,04,"Bürgerpark (Panke, id: 5867401, fluss-km: 4.27)",0.8499666666666666,0.32,1.7010000000000003
5867401,2010,2010 - 2019,05,"Bürgerpark (Panke, id: 5867401, fluss-km: 4.27)",0.7106129032258065,0.13,1.35
5867401,2010,2010 - 2019,06,"Bürgerpark (Panke, id: 5867401, fluss-km: 4.27)",0.7129333333333333,0.2,1.631
5867401,2010,2010 - 2019,07,"Bürgerpark (Panke, id: 5867401, fluss-km: 4.27)",0.7497096774193548,0.11,1.7175000000000005
5867401,2010,2010 - 2019,08,"Bürgerpark (Panke, id: 5867401, fluss-km: 4.27)",0.7998709677419354,0.18,1.6530000000000007
5867401,2010,2010 - 2019,09,"Bürgerpark (Panke, id: 5867401, fluss-km: 4.27)",0.7273333333333334,0.1995,1.5
5867401,2010,2010 - 2019,10,"Bürgerpark (Panke, id: 5867401, fluss-km: 4.27)",0.669483870967742,0.13450000000000004,1.4655
5867401,2010,2010 - 2019,11,"Bürgerpark (Panke, id: 5867401, fluss-km: 4.27)",0.7722,0.11950000000000001,1.86
5867401,2010,2010 - 2019,12,"Bürgerpark (Panke, id: 5867401, fluss-km: 4.27)",0.9438709677419355,0.3245,1.91
5867401,2020,2020 - 2029,01,"Bürgerpark (Panke, id: 5867401, fluss-km: 4.27)",1.241505376344086,0.55,1.69
5867401,2020,2020 - 2029,02,"Bürgerpark (Panke, id: 5867401, fluss-km: 4.27)",1.3447058823529412,0.65,1.83
5867401,2020,2020 - 2029,03,"Bürgerpark (Panke, id: 5867401, fluss-km: 4.27)",1.0681720430107526,0.436,1.7419999999999995
5867401,2020,2020 - 2029,04,"Bürgerpark (Panke, id: 5867401, fluss-km: 4.27)",1.0645555555555555,0.37,1.53
5867401,2020,2020 - 2029,05,"Bürgerpark (Panke, id: 5867401, fluss-km: 4.27)",0.8940860215053763,0.23600000000000002,1.4419999999999997
5867401,2020,2020 - 2029,06,"Bürgerpark (Panke, id: 5867401, fluss-km: 4.27)",0.7374444444444445,0.41,1.1654999999999998
5867401,2020,2020 - 2029,07,"Bürgerpark (Panke, id: 5867401, fluss-km: 4.27)",0.5608602150537635,0.35,0.9
5867401,2020,2020 - 2029,08,"Bürgerpark (Panke, id: 5867401, fluss-km: 4.27)",0.5104301075268817,0.35,0.7759999999999997
5867401,2020,2020 - 2029,09,"Bürgerpark (Panke, id: 5867401, fluss-km: 4.27)",0.5034117647058823,0.092,0.8019999999999998
5867401,2020,2020 - 2029,10,"Bürgerpark (Panke, id: 5867401, fluss-km: 4.27)",0.832741935483871,0.52,1.2464999999999997
5867401,2020,2020 - 2029,11,"Bürgerpark (Panke, id: 5867401, fluss-km: 4.27)",1.212,1.058,1.451
5867401,2020,2020 - 2029,12,"Bürgerpark (Panke, id: 5867401, fluss-km: 4.27)",1.4269354838709678,1.3205,1.6579999999999997
5867900,2000,2000 - 2009,01,"Eisenbahnbrücke (Nordgraben, id: 5867900, fluss-km: 1.30)",1.3934767025089605,0.61,2.74
5867900,2000,2000 - 2009,02,"Eisenbahnbrücke (Nordgraben, id: 5867900, fluss-km: 1.30)",1.4973622047244095,0.6164999999999999,2.4435000000000002
5867900,2000,2000 - 2009,03,"Eisenbahnbrücke (Nordgraben, id: 5867900, fluss-km: 1.30)",1.5622222222222222,0.519,2.6139999999999985
5867900,2000,2000 - 2009,04,"Eisenbahnbrücke (Nordgraben, id: 5867900, fluss-km: 1.30)",1.3667777777777779,1.02,2.32
5867900,2000,2000 - 2009,05,"Eisenbahnbrücke (Nordgraben, id: 5867900, fluss-km: 1.30)",1.2638709677419355,0.76,2.1079999999999974
5867900,2000,2000 - 2009,06,"Eisenbahnbrücke (Nordgraben, id: 5867900, fluss-km: 1.30)",1.091888888888889,0.74,1.65
5867900,2000,2000 - 2009,07,"Eisenbahnbrücke (Nordgraben, id: 5867900, fluss-km: 1.30)",1.190752688172043,0.64,2.0999999999999965
5867900,2000,2000 - 2009,08,"Eisenbahnbrücke (Nordgraben, id: 5867900, fluss-km: 1.30)",1.220752688172043,0.659,2.065999999999998
5867900,2000,2000 - 2009,09,"Eisenbahnbrücke (Nordgraben, id: 5867900, fluss-km: 1.30)",1.2128148148148148,0.63,2.02
5867900,2000,2000 - 2009,10,"Eisenbahnbrücke (Nordgraben, id: 5867900, fluss-km: 1.30)",1.2327598566308244,0.769,1.78
5867900,2000,2000 - 2009,11,"Eisenbahnbrücke (Nordgraben, id: 5867900, fluss-km: 1.30)",1.2565333333333333,0.62,2.0015000000000005
5867900,2000,2000 - 2009,12,"Eisenbahnbrücke (Nordgraben, id: 5867900, fluss-km: 1.30)",1.2639354838709678,0.5945,1.991
5867900,2010,2010 - 2019,01,"Eisenbahnbrücke (Nordgraben, id: 5867900, fluss-km: 1.30)",1.503258064516129,0.22445,3.0030000000000006
5867900,2010,2010 - 2019,02,"Eisenbahnbrücke (Nordgraben, id: 5867900, fluss-km: 1.30)",1.3654645390070923,0.19715000000000002,2.7079999999999997
5867900,2010,2010 - 2019,03,"Eisenbahnbrücke (Nordgraben, id: 5867900, fluss-km: 1.30)",1.3722129032258064,0.3627,2.2465
5867900,2010,2010 - 2019,04,"Eisenbahnbrücke (Nordgraben, id: 5867900, fluss-km: 1.30)",1.1829366666666667,0.2599,2.0210000000000004
5867900,2010,2010 - 2019,05,"Eisenbahnbrücke (Nordgraben, id: 5867900, fluss-km: 1.30)",1.056441935483871,0.19535000000000002,2.013000000000001
5867900,2010,2010 - 2019,06,"Eisenbahnbrücke (Nordgraben, id: 5867900, fluss-km: 1.30)",1.1213,0.18595,2.3315000000000006
5867900,2010,2010 - 2019,07,"Eisenbahnbrücke (Nordgraben, id: 5867900, fluss-km: 1.30)",1.2193193548387098,0.18645,3.0230000000000032
5867900,2010,2010 - 2019,08,"Eisenbahnbrücke (Nordgraben, id: 5867900, fluss-km: 1.30)",1.0357129032258066,0.112,2.6555
5867900,2010,2010 - 2019,09,"Eisenbahnbrücke (Nordgraben, id: 5867900, fluss-km: 1.30)",0.94034,0.13695000000000002,2.1115
5867900,2010,2010 - 2019,10,"Eisenbahnbrücke (Nordgraben, id: 5867900, fluss-km: 1.30)",1.1202290322580646,0.15289999999999998,1.9965000000000002
5867900,2010,2010 - 2019,11,"Eisenbahnbrücke (Nordgraben, id: 5867900, fluss-km: 1.30)",1.2008366666666666,0.1618,2.234500000000001
5867900,2010,2010 - 2019,12,"Eisenbahnbrücke (Nordgraben, id: 5867900, fluss-km: 1.30)",1.209525806451613,0.20135000000000003,2.3375000000000004
5867900,2020,2020 - 2029,01,"Eisenbahnbrücke (Nordgraben, id: 5867900, fluss-km: 1.30)",0.32467741935483874,0.163,0.6363999999999999
5867900,2020,2020 - 2029,02,"Eisenbahnbrücke (Nordgraben, id: 5867900, fluss-km: 1.30)",0.6279058823529412,0.209,1.3859999999999997
5867900,2020,2020 - 2029,03,"Eisenbahnbrücke (Nordgraben, id: 5867900, fluss-km: 1.30)",0.865752688172043,0.1406,2.0399999999999987
5867900,2020,2020 - 2029,04,"Eisenbahnbrücke (Nordgraben, id: 5867900, fluss-km: 1.30)",0.7185777777777778,0.18745,1.6364999999999998
5867900,2020,2020 - 2029,05,"Eisenbahnbrücke (Nordgraben, id: 5867900, fluss-km: 1.30)",0.7445913978494624,0.2146,1.5779999999999998
5867900,2020,2020 - 2029,06,"Eisenbahnbrücke (Nordgraben, id: 5867900, fluss-km: 1.30)",0.7177222222222223,0.14244999999999997,1.5265
5867900,2020,2020 - 2029,07,"Eisenbahnbrücke (Nordgraben, id: 5867900, fluss-km: 1.30)",0.97247311827957,0.5134,1.7859999999999987
5867900,2020,2020 - 2029,08,"Eisenbahnbrücke (Nordgraben, id: 5867900, fluss-km: 1.30)",0.880752688172043,0.542,1.734
5867900,2020,2020 - 2029,09,"Eisenbahnbrücke (Nordgraben, id: 5867900, fluss-km: 1.30)",0.9670235294117647,0.6054,1.6139999999999999
5867900,2020,2020 - 2029,10,"Eisenbahnbrücke (Nordgraben, id: 5867900, fluss-km: 1.30)",0.7251290322580645,0.46979999999999994,1.16
5867900,2020,2020 - 2029,11,"Eisenbahnbrücke (Nordgraben, id: 5867900, fluss-km: 1.30)",0.5003666666666666,0.13540000000000002,1.1574999999999989
5867900,2020,2020 - 2029,12,"Eisenbahnbrücke (Nordgraben, id: 5867900, fluss-km: 1.30)",0.2341774193548387,0.09205,0.6527499999999997
5870100,2000,2000 - 2009,01,"Lichterfelde (Teltowkanal, id: 5870100, fluss-km: 15.69)",7.282007168458781,4.66,9.632
5870100,2000,2000 - 2009,02,"Lichterfelde (Teltowkanal, id: 5870100, fluss-km: 15.69)",7.30992125984252,4.8265,9.16
5870100,2000,2000 - 2009,03,"Lichterfelde (Teltowkanal, id: 5870100, fluss-km: 15.69)",8.134322580645161,5.0075,10.3
5870100,2000,2000 - 2009,04,"Lichterfelde (Teltowkanal, id: 5870100, fluss-km: 15.69)",8.686666666666667,5.7585,11.910000000000002
5870100,2000,2000 - 2009,05,"Lichterfelde (Teltowkanal, id: 5870100, fluss-km: 15.69)",7.040741935483871,4.0025,11.8
5870100,2000,2000 - 2009,06,"Lichterfelde (Teltowkanal, id: 5870100, fluss-km: 15.69)",6.245566666666667,2.3310000000000004,9.402000000000001
5870100,2000,2000 - 2009,07,"Lichterfelde (Teltowkanal, id: 5870100, fluss-km: 15.69)",5.050032258064516,2.18,7.362
5870100,2000,2000 - 2009,08,"Lichterfelde (Teltowkanal, id: 5870100, fluss-km: 15.69)",4.859709677419355,1.73,8.982000000000003
5870100,2000,2000 - 2009,09,"Lichterfelde (Teltowkanal, id: 5870100, fluss-km: 15.69)",6.122066666666667,2.6094999999999997,9.327500000000002
5870100,2000,2000 - 2009,10,"Lichterfelde (Teltowkanal, id: 5870100, fluss-km: 15.69)",6.34583870967742,4.0635,8.3465
5870100,2000,2000 - 2009,11,"Lichterfelde (Teltowkanal, id: 5870100, fluss-km: 15.69)",6.562166666666666,4.0295000000000005,9.130500000000001
5870100,2000,2000 - 2009,12,"Lichterfelde (Teltowkanal, id: 5870100, fluss-km: 15.69)",6.679806451612904,4.769,9.0265
5870100,2010,2010 - 2019,01,"Lichterfelde (Teltowkanal, id: 5870100, fluss-km: 15.69)",9.50567741935484,4.8225,16.51
5870100,2010,2010 - 2019,02,"Lichterfelde (Teltowkanal, id: 5870100, fluss-km: 15.69)",9.1172695035461,4.8505,15.5
5870100,2010,2010 - 2019,03,"Lichterfelde (Teltowkanal, id: 5870100, fluss-km: 15.69)",9.053322580645162,5.22,13.555
5870100,2010,2010 - 2019,04,"Lichterfelde (Teltowkanal, id: 5870100, fluss-km: 15.69)",8.717266666666667,4.107,14.805000000000001
5870100,2010,2010 - 2019,05,"Lichterfelde (Teltowkanal, id: 5870100, fluss-km: 15.69)",7.594161290322581,4.046,10.6
5870100,2010,2010 - 2019,06,"Lichterfelde (Teltowkanal, id: 5870100, fluss-km: 15.69)",5.956823333333333,1.5475,10.910000000000002
5870100,2010,2010 - 2019,07,"Lichterfelde (Teltowkanal, id: 5870100, fluss-km: 15.69)",6.248167741935484,1.3850000000000002,12.555
5870100,2010,2010 - 2019,08,"Lichterfelde (Teltowkanal, id: 5870100, fluss-km: 15.69)",6.494341935483871,1.4545,11.755
5870100,2010,2010 - 2019,09,"Lichterfelde (Teltowkanal, id: 5870100, fluss-km: 15.69)",6.816363333333333,1.8090000000000002,12
5870100,2010,2010 - 2019,10,"Lichterfelde (Teltowkanal, id: 5870100, fluss-km: 15.69)",7.483258064516129,3.3135000000000003,11.9
5870100,2010,2010 - 2019,11,"Lichterfelde (Teltowkanal, id: 5870100, fluss-km: 15.69)",7.565566666666666,3.4,11.1
5870100,2010,2010 - 2019,12,"Lichterfelde (Teltowkanal, id: 5870100, fluss-km: 15.69)",8.317508090614886,3.424,13.7
5870100,2020,2020 - 2029,01,"Lichterfelde (Teltowkanal, id: 5870100, fluss-km: 15.69)",7.027849462365591,4.412,11.319999999999997
5870100,2020,2020 - 2029,02,"Lichterfelde (Teltowkanal, id: 5870100, fluss-km: 15.69)",6.931882352941177,3.68,10.68
5870100,2020,2020 - 2029,03,"Lichterfelde (Teltowkanal, id: 5870100, fluss-km: 15.69)",8.117956989247311,5.378,11.279999999999998
5870100,2020,2020 - 2029,04,"Lichterfelde (Teltowkanal, id: 5870100, fluss-km: 15.69)",9.171,6.1965,13.455
5870100,2020,2020 - 2029,05,"Lichterfelde (Teltowkanal, id: 5870100, fluss-km: 15.69)",7.32268817204301,4.4559999999999995,9.936
5870100,2020,2020 - 2029,06,"Lichterfelde (Teltowkanal, id: 5870100, fluss-km: 15.69)",5.092888888888889,2.7445000000000004,9.138499999999997
5870100,2020,2020 - 2029,07,"Lichterfelde (Teltowkanal, id: 5870100, fluss-km: 15.69)",5.327731182795699,1.352,10.8
5870100,2020,2020 - 2029,08,"Lichterfelde (Teltowkanal, id: 5870100, fluss-km: 15.69)",4.5354301075268815,1.208,11.94
5870100,2020,2020 - 2029,09,"Lichterfelde (Teltowkanal, id: 5870100, fluss-km: 15.69)",7.913058823529412,3.75,12.159999999999998
5870100,2020,2020 - 2029,10,"Lichterfelde (Teltowkanal, id: 5870100, fluss-km: 15.69)",8.634032258064517,6.878,10.495
5870100,2020,2020 - 2029,11,"Lichterfelde (Teltowkanal, id: 5870100, fluss-km: 15.69)",7.4351666666666665,3.7265,11.214999999999995
5870100,2020,2020 - 2029,12,"Lichterfelde (Teltowkanal, id: 5870100, fluss-km: 15.69)",7.5966129032258065,4.3635,11.290000000000001
5870400,2020,2020 - 2029,03,"Alsenbrücke (Griebnitzkanal, id: 5870400, fluss-km: 1.46)",-3.409,-3.6950000000000003,-3.0025000000000004
5870400,2020,2020 - 2029,04,"Alsenbrücke (Griebnitzkanal, id: 5870400, fluss-km: 1.46)",-3.442,-4.2785,-2.5789999999999997
5870400,2020,2020 - 2029,05,"Alsenbrücke (Griebnitzkanal, id: 5870400, fluss-km: 1.46)",-2.82,-2.82,-2.82
